<?xml version='1.0' encoding='utf-8'?>
<project xmlns="http://www.plcopen.org/xml/tc6_0201" xmlns:xsd="http://www.w3.org/2001/XMLSchema" xmlns:xhtml="http://www.w3.org/1999/xhtml" xmlns:ns1="http://www.plcopen.org/xml/tc6_0201">
  <fileHeader companyName="Inconnu" productName="SansNom" productVersion="1" creationDateTime="2024-05-01T19:09:14"/>
  <contentHeader name="SansNom" modificationDateTime="2024-05-08T19:03:10">
    <coordinateInfo>
      <fbd>
        <scaling x="10" y="10"/>
      </fbd>
      <ld>
        <scaling x="10" y="10"/>
      </ld>
      <sfc>
        <scaling x="10" y="10"/>
      </sfc>
    </coordinateInfo>
  </contentHeader>
  <types>
    <dataTypes/>
    <pous>
      <pou name="program0" pouType="program">
        <interface>
          <localVars>
            <variable name="BP" address="%IX0.0">
              <type>
                <BOOL/>
              </type>
              <documentation>
                <xhtml:p><![CDATA[Ceci est le bouton poussoir]]></xhtml:p>
              </documentation>
            </variable>
            <variable name="BP1" address="%IX0.1">
              <type>
                <BOOL/>
              </type>
              <documentation>
                <xhtml:p><![CDATA[Ceci est le bouton poussoir RAZ]]></xhtml:p>
              </documentation>
            </variable>
            <variable name="LED1" address="%QX0.0">
              <type>
                <BOOL/>
              </type>
              <documentation>
                <xhtml:p><![CDATA[LED]]></xhtml:p>
              </documentation>
            </variable>
            <variable name="LED2" address="%QX0.1">
              <type>
                <BOOL/>
              </type>
              <documentation>
                <xhtml:p><![CDATA[LED]]></xhtml:p>
              </documentation>
            </variable>
            <variable name="LED3" address="%QX0.2">
              <type>
                <BOOL/>
              </type>
              <documentation>
                <xhtml:p><![CDATA[LED]]></xhtml:p>
              </documentation>
            </variable>
            <variable name="LED4" address="%QX0.3">
              <type>
                <BOOL/>
              </type>
              <documentation>
                <xhtml:p><![CDATA[LED]]></xhtml:p>
              </documentation>
            </variable>
          </localVars>
          <localVars>
            <variable name="DCY">
              <type>
                <BOOL/>
              </type>
              <documentation>
                <xhtml:p><![CDATA[DCY]]></xhtml:p>
              </documentation>
            </variable>
            <variable name="VAR1">
              <type>
                <BOOL/>
              </type>
              <documentation>
                <xhtml:p><![CDATA[DCY]]></xhtml:p>
              </documentation>
            </variable>
            <variable name="VAR2">
              <type>
                <BOOL/>
              </type>
              <documentation>
                <xhtml:p><![CDATA[DCY]]></xhtml:p>
              </documentation>
            </variable>
            <variable name="VAR3">
              <type>
                <BOOL/>
              </type>
              <documentation>
                <xhtml:p><![CDATA[DCY]]></xhtml:p>
              </documentation>
            </variable>
            <variable name="VAR4">
              <type>
                <BOOL/>
              </type>
              <documentation>
                <xhtml:p><![CDATA[DCY]]></xhtml:p>
              </documentation>
            </variable>
            <variable name="TON0">
              <type>
                <derived name="TON"/>
              </type>
            </variable>
            <variable name="TON1">
              <type>
                <derived name="TON"/>
              </type>
            </variable>
            <variable name="TON2">
              <type>
                <derived name="TON"/>
              </type>
            </variable>
            <variable name="TON3">
              <type>
                <derived name="TON"/>
              </type>
            </variable>
            <variable name="TON4">
              <type>
                <derived name="TON"/>
              </type>
            </variable>
            <variable name="TON5">
              <type>
                <derived name="TON"/>
              </type>
            </variable>
            <variable name="TON6">
              <type>
                <derived name="TON"/>
              </type>
            </variable>
          </localVars>
        </interface>
        <body>
          <LD>
            <leftPowerRail localId="1" width="10" height="1200">
              <position x="130" y="60"/>
              <connectionPointOut formalParameter="">
                <relPosition x="10" y="20"/>
              </connectionPointOut>
              <connectionPointOut formalParameter="">
                <relPosition x="10" y="60"/>
              </connectionPointOut>
              <connectionPointOut formalParameter="">
                <relPosition x="10" y="100"/>
              </connectionPointOut>
              <connectionPointOut formalParameter="">
                <relPosition x="10" y="140"/>
              </connectionPointOut>
              <connectionPointOut formalParameter="">
                <relPosition x="10" y="180"/>
              </connectionPointOut>
              <connectionPointOut formalParameter="">
                <relPosition x="10" y="220"/>
              </connectionPointOut>
              <connectionPointOut formalParameter="">
                <relPosition x="10" y="260"/>
              </connectionPointOut>
              <connectionPointOut formalParameter="">
                <relPosition x="10" y="300"/>
              </connectionPointOut>
              <connectionPointOut formalParameter="">
                <relPosition x="10" y="340"/>
              </connectionPointOut>
              <connectionPointOut formalParameter="">
                <relPosition x="10" y="380"/>
              </connectionPointOut>
              <connectionPointOut formalParameter="">
                <relPosition x="10" y="420"/>
              </connectionPointOut>
              <connectionPointOut formalParameter="">
                <relPosition x="10" y="460"/>
              </connectionPointOut>
              <connectionPointOut formalParameter="">
                <relPosition x="10" y="500"/>
              </connectionPointOut>
              <connectionPointOut formalParameter="">
                <relPosition x="10" y="540"/>
              </connectionPointOut>
              <connectionPointOut formalParameter="">
                <relPosition x="10" y="580"/>
              </connectionPointOut>
              <connectionPointOut formalParameter="">
                <relPosition x="10" y="620"/>
              </connectionPointOut>
              <connectionPointOut formalParameter="">
                <relPosition x="10" y="660"/>
              </connectionPointOut>
              <connectionPointOut formalParameter="">
                <relPosition x="10" y="700"/>
              </connectionPointOut>
              <connectionPointOut formalParameter="">
                <relPosition x="10" y="740"/>
              </connectionPointOut>
              <connectionPointOut formalParameter="">
                <relPosition x="10" y="780"/>
              </connectionPointOut>
              <connectionPointOut formalParameter="">
                <relPosition x="10" y="820"/>
              </connectionPointOut>
              <connectionPointOut formalParameter="">
                <relPosition x="10" y="860"/>
              </connectionPointOut>
              <connectionPointOut formalParameter="">
                <relPosition x="10" y="900"/>
              </connectionPointOut>
              <connectionPointOut formalParameter="">
                <relPosition x="10" y="940"/>
              </connectionPointOut>
              <connectionPointOut formalParameter="">
                <relPosition x="10" y="980"/>
              </connectionPointOut>
              <connectionPointOut formalParameter="">
                <relPosition x="10" y="1020"/>
              </connectionPointOut>
              <connectionPointOut formalParameter="">
                <relPosition x="10" y="1060"/>
              </connectionPointOut>
              <connectionPointOut formalParameter="">
                <relPosition x="10" y="1100"/>
              </connectionPointOut>
              <connectionPointOut formalParameter="">
                <relPosition x="10" y="1140"/>
              </connectionPointOut>
              <connectionPointOut formalParameter="">
                <relPosition x="10" y="1180"/>
              </connectionPointOut>
            </leftPowerRail>
            <rightPowerRail localId="2" width="10" height="1200">
              <position x="520" y="60"/>
              <connectionPointIn>
                <relPosition x="0" y="20"/>
                <connection refLocalId="55">
                  <position x="520" y="80"/>
                  <position x="511" y="80"/>
                </connection>
              </connectionPointIn>
              <connectionPointIn>
                <relPosition x="0" y="60"/>
                <connection refLocalId="83">
                  <position x="504" y="120"/>
                  <position x="527" y="120"/>
                </connection>
              </connectionPointIn>
              <connectionPointIn>
                <relPosition x="0" y="100"/>
                <connection refLocalId="38">
                  <position x="520" y="160"/>
                  <position x="291" y="160"/>
                </connection>
              </connectionPointIn>
              <connectionPointIn>
                <relPosition x="0" y="140"/>
                <connection refLocalId="39">
                  <position x="520" y="200"/>
                  <position x="301" y="200"/>
                </connection>
              </connectionPointIn>
              <connectionPointIn>
                <relPosition x="0" y="180"/>
                <connection refLocalId="47">
                  <position x="520" y="240"/>
                  <position x="455" y="240"/>
                  <position x="455" y="250"/>
                  <position x="391" y="250"/>
                </connection>
              </connectionPointIn>
              <connectionPointIn>
                <relPosition x="0" y="220"/>
                <connection refLocalId="5">
                  <position x="520" y="280"/>
                  <position x="401" y="280"/>
                </connection>
              </connectionPointIn>
              <connectionPointIn>
                <relPosition x="0" y="260"/>
                <connection refLocalId="6">
                  <position x="520" y="320"/>
                  <position x="411" y="320"/>
                </connection>
              </connectionPointIn>
              <connectionPointIn>
                <relPosition x="0" y="300"/>
                <connection refLocalId="7">
                  <position x="520" y="360"/>
                  <position x="411" y="360"/>
                </connection>
              </connectionPointIn>
              <connectionPointIn>
                <relPosition x="0" y="340"/>
              </connectionPointIn>
              <connectionPointIn>
                <relPosition x="0" y="380"/>
                <connection refLocalId="50">
                  <position x="520" y="440"/>
                  <position x="371" y="440"/>
                </connection>
              </connectionPointIn>
              <connectionPointIn>
                <relPosition x="0" y="420"/>
                <connection refLocalId="51">
                  <position x="520" y="480"/>
                  <position x="371" y="480"/>
                </connection>
              </connectionPointIn>
              <connectionPointIn>
                <relPosition x="0" y="460"/>
                <connection refLocalId="87">
                  <position x="520" y="520"/>
                  <position x="381" y="520"/>
                </connection>
              </connectionPointIn>
              <connectionPointIn>
                <relPosition x="0" y="500"/>
                <connection refLocalId="53">
                  <position x="520" y="560"/>
                  <position x="381" y="560"/>
                </connection>
              </connectionPointIn>
              <connectionPointIn>
                <relPosition x="0" y="540"/>
                <connection refLocalId="66">
                  <position x="520" y="600"/>
                  <position x="381" y="600"/>
                </connection>
              </connectionPointIn>
              <connectionPointIn>
                <relPosition x="0" y="580"/>
                <connection refLocalId="82">
                  <position x="520" y="640"/>
                  <position x="391" y="640"/>
                </connection>
              </connectionPointIn>
              <connectionPointIn>
                <relPosition x="0" y="620"/>
                <connection refLocalId="106">
                  <position x="520" y="680"/>
                  <position x="401" y="680"/>
                </connection>
              </connectionPointIn>
              <connectionPointIn>
                <relPosition x="0" y="660"/>
                <connection refLocalId="91">
                  <position x="520" y="720"/>
                  <position x="401" y="720"/>
                </connection>
              </connectionPointIn>
              <connectionPointIn>
                <relPosition x="0" y="700"/>
                <connection refLocalId="12">
                  <position x="520" y="760"/>
                  <position x="401" y="760"/>
                </connection>
              </connectionPointIn>
              <connectionPointIn>
                <relPosition x="0" y="740"/>
                <connection refLocalId="13">
                  <position x="520" y="800"/>
                  <position x="401" y="800"/>
                </connection>
              </connectionPointIn>
              <connectionPointIn>
                <relPosition x="0" y="780"/>
                <connection refLocalId="14">
                  <position x="520" y="840"/>
                  <position x="401" y="840"/>
                </connection>
              </connectionPointIn>
              <connectionPointIn>
                <relPosition x="0" y="820"/>
                <connection refLocalId="15">
                  <position x="520" y="880"/>
                  <position x="401" y="880"/>
                </connection>
              </connectionPointIn>
              <connectionPointIn>
                <relPosition x="0" y="860"/>
                <connection refLocalId="16">
                  <position x="520" y="920"/>
                  <position x="401" y="920"/>
                </connection>
              </connectionPointIn>
              <connectionPointIn>
                <relPosition x="0" y="900"/>
                <connection refLocalId="17">
                  <position x="520" y="960"/>
                  <position x="401" y="960"/>
                </connection>
              </connectionPointIn>
              <connectionPointIn>
                <relPosition x="0" y="940"/>
                <connection refLocalId="100">
                  <position x="520" y="1000"/>
                  <position x="391" y="1000"/>
                </connection>
              </connectionPointIn>
              <connectionPointIn>
                <relPosition x="0" y="980"/>
                <connection refLocalId="101">
                  <position x="520" y="1040"/>
                  <position x="391" y="1040"/>
                </connection>
              </connectionPointIn>
              <connectionPointIn>
                <relPosition x="0" y="1020"/>
                <connection refLocalId="103">
                  <position x="520" y="1080"/>
                  <position x="471" y="1080"/>
                </connection>
              </connectionPointIn>
              <connectionPointIn>
                <relPosition x="0" y="1060"/>
                <connection refLocalId="104">
                  <position x="520" y="1120"/>
                  <position x="471" y="1120"/>
                </connection>
              </connectionPointIn>
              <connectionPointIn>
                <relPosition x="0" y="1100"/>
                <connection refLocalId="105">
                  <position x="520" y="1160"/>
                  <position x="471" y="1160"/>
                </connection>
              </connectionPointIn>
              <connectionPointIn>
                <relPosition x="0" y="1140"/>
                <connection refLocalId="107">
                  <position x="520" y="1200"/>
                  <position x="471" y="1200"/>
                </connection>
              </connectionPointIn>
              <connectionPointIn>
                <relPosition x="0" y="1180"/>
                <connection refLocalId="89">
                  <position x="520" y="1240"/>
                  <position x="391" y="1240"/>
                </connection>
              </connectionPointIn>
            </rightPowerRail>
            <contact localId="35" negated="false" width="21" height="20" edge="falling">
              <position x="440" y="70"/>
              <connectionPointIn>
                <relPosition x="0" y="10"/>
                <connection refLocalId="78">
                  <position x="440" y="80"/>
                  <position x="351" y="80"/>
                </connection>
              </connectionPointIn>
              <connectionPointOut>
                <relPosition x="21" y="10"/>
              </connectionPointOut>
              <variable>BP</variable>
            </contact>
            <contact localId="44" negated="false" width="21" height="20">
              <position x="230" y="230"/>
              <connectionPointIn>
                <relPosition x="0" y="10"/>
                <connection refLocalId="96">
                  <position x="230" y="240"/>
                  <position x="200" y="240"/>
                </connection>
              </connectionPointIn>
              <connectionPointOut>
                <relPosition x="21" y="10"/>
              </connectionPointOut>
              <variable>LED1</variable>
            </contact>
            <block localId="45" typeName="TON" instanceName="TON0" width="50" height="60">
              <position x="280" y="220"/>
              <inputVariables>
                <variable formalParameter="IN">
                  <connectionPointIn>
                    <relPosition x="0" y="30"/>
                    <connection refLocalId="44">
                      <position x="280" y="250"/>
                      <position x="265" y="250"/>
                      <position x="265" y="240"/>
                      <position x="251" y="240"/>
                    </connection>
                  </connectionPointIn>
                </variable>
                <variable formalParameter="PT">
                  <connectionPointIn>
                    <relPosition x="0" y="50"/>
                    <connection refLocalId="46">
                      <position x="280" y="270"/>
                      <position x="270" y="270"/>
                      <position x="270" y="280"/>
                      <position x="250" y="280"/>
                    </connection>
                  </connectionPointIn>
                </variable>
              </inputVariables>
              <inOutVariables/>
              <outputVariables>
                <variable formalParameter="Q">
                  <connectionPointOut>
                    <relPosition x="50" y="30"/>
                  </connectionPointOut>
                </variable>
                <variable formalParameter="ET">
                  <connectionPointOut>
                    <relPosition x="50" y="50"/>
                  </connectionPointOut>
                </variable>
              </outputVariables>
            </block>
            <inVariable localId="46" width="70" height="30" negated="false">
              <position x="180" y="260"/>
              <connectionPointOut>
                <relPosition x="70" y="20"/>
              </connectionPointOut>
              <expression>T#500ms</expression>
            </inVariable>
            <coil localId="47" negated="false" storage="set" width="21" height="20">
              <position x="370" y="240"/>
              <connectionPointIn>
                <relPosition x="0" y="10"/>
                <connection refLocalId="45" formalParameter="Q">
                  <position x="370" y="250"/>
                  <position x="330" y="250"/>
                </connection>
              </connectionPointIn>
              <connectionPointOut>
                <relPosition x="21" y="10"/>
              </connectionPointOut>
              <variable>LED2</variable>
            </coil>
            <contact localId="48" negated="false" width="21" height="20">
              <position x="260" y="310"/>
              <connectionPointIn>
                <relPosition x="0" y="10"/>
                <connection refLocalId="95">
                  <position x="260" y="320"/>
                  <position x="210" y="320"/>
                </connection>
              </connectionPointIn>
              <connectionPointOut>
                <relPosition x="21" y="10"/>
              </connectionPointOut>
              <variable>LED2</variable>
            </contact>
            <block localId="3" typeName="TON" instanceName="TON1" width="50" height="60" executionOrderId="0">
              <position x="300" y="290"/>
              <inputVariables>
                <variable formalParameter="IN">
                  <connectionPointIn>
                    <relPosition x="0" y="30"/>
                    <connection refLocalId="48">
                      <position x="300" y="320"/>
                      <position x="281" y="320"/>
                    </connection>
                  </connectionPointIn>
                </variable>
                <variable formalParameter="PT">
                  <connectionPointIn>
                    <relPosition x="0" y="50"/>
                    <connection refLocalId="4">
                      <position x="300" y="340"/>
                      <position x="280" y="340"/>
                      <position x="280" y="380"/>
                      <position x="260" y="380"/>
                    </connection>
                  </connectionPointIn>
                </variable>
              </inputVariables>
              <inOutVariables/>
              <outputVariables>
                <variable formalParameter="Q">
                  <connectionPointOut>
                    <relPosition x="50" y="30"/>
                  </connectionPointOut>
                </variable>
                <variable formalParameter="ET">
                  <connectionPointOut>
                    <relPosition x="50" y="50"/>
                  </connectionPointOut>
                </variable>
              </outputVariables>
            </block>
            <inVariable localId="4" width="70" height="30" negated="false" executionOrderId="0">
              <position x="190" y="360"/>
              <connectionPointOut>
                <relPosition x="70" y="20"/>
              </connectionPointOut>
              <expression>T#500ms</expression>
            </inVariable>
            <coil localId="5" negated="false" storage="reset" width="21" height="20" executionOrderId="0">
              <position x="380" y="270"/>
              <connectionPointIn>
                <relPosition x="0" y="10"/>
                <connection refLocalId="45" formalParameter="Q">
                  <position x="380" y="280"/>
                  <position x="355" y="280"/>
                  <position x="355" y="250"/>
                  <position x="330" y="250"/>
                </connection>
              </connectionPointIn>
              <connectionPointOut>
                <relPosition x="21" y="10"/>
              </connectionPointOut>
              <variable>LED1</variable>
            </coil>
            <coil localId="6" negated="false" storage="set" width="21" height="20" executionOrderId="0">
              <position x="390" y="310"/>
              <connectionPointIn>
                <relPosition x="0" y="10"/>
                <connection refLocalId="3" formalParameter="Q">
                  <position x="390" y="320"/>
                  <position x="350" y="320"/>
                </connection>
              </connectionPointIn>
              <connectionPointOut>
                <relPosition x="21" y="10"/>
              </connectionPointOut>
              <variable>LED3</variable>
            </coil>
            <coil localId="7" negated="false" storage="reset" width="21" height="20" executionOrderId="0">
              <position x="390" y="350"/>
              <connectionPointIn>
                <relPosition x="0" y="10"/>
                <connection refLocalId="3" formalParameter="Q">
                  <position x="390" y="360"/>
                  <position x="370" y="360"/>
                  <position x="370" y="320"/>
                  <position x="350" y="320"/>
                </connection>
              </connectionPointIn>
              <connectionPointOut>
                <relPosition x="21" y="10"/>
              </connectionPointOut>
              <variable>LED2</variable>
            </coil>
            <contact localId="49" negated="false" width="21" height="20">
              <position x="220" y="430"/>
              <connectionPointIn>
                <relPosition x="0" y="10"/>
                <connection refLocalId="94">
                  <position x="220" y="440"/>
                  <position x="190" y="440"/>
                </connection>
              </connectionPointIn>
              <connectionPointOut>
                <relPosition x="21" y="10"/>
              </connectionPointOut>
              <variable>LED3</variable>
            </contact>
            <block localId="8" typeName="TON" instanceName="TON2" width="50" height="60" executionOrderId="0">
              <position x="260" y="410"/>
              <inputVariables>
                <variable formalParameter="IN">
                  <connectionPointIn>
                    <relPosition x="0" y="30"/>
                    <connection refLocalId="49">
                      <position x="260" y="440"/>
                      <position x="241" y="440"/>
                    </connection>
                  </connectionPointIn>
                </variable>
                <variable formalParameter="PT">
                  <connectionPointIn>
                    <relPosition x="0" y="50"/>
                    <connection refLocalId="9">
                      <position x="260" y="460"/>
                      <position x="250" y="460"/>
                      <position x="250" y="500"/>
                      <position x="240" y="500"/>
                    </connection>
                  </connectionPointIn>
                </variable>
              </inputVariables>
              <inOutVariables/>
              <outputVariables>
                <variable formalParameter="Q">
                  <connectionPointOut>
                    <relPosition x="50" y="30"/>
                  </connectionPointOut>
                </variable>
                <variable formalParameter="ET">
                  <connectionPointOut>
                    <relPosition x="50" y="50"/>
                  </connectionPointOut>
                </variable>
              </outputVariables>
            </block>
            <inVariable localId="9" width="70" height="30" negated="false" executionOrderId="0">
              <position x="170" y="480"/>
              <connectionPointOut>
                <relPosition x="70" y="20"/>
              </connectionPointOut>
              <expression>T#500ms</expression>
            </inVariable>
            <coil localId="50" negated="false" storage="set" width="21" height="20">
              <position x="350" y="430"/>
              <connectionPointIn>
                <relPosition x="0" y="10"/>
                <connection refLocalId="8" formalParameter="Q">
                  <position x="350" y="440"/>
                  <position x="310" y="440"/>
                </connection>
              </connectionPointIn>
              <connectionPointOut>
                <relPosition x="21" y="10"/>
              </connectionPointOut>
              <variable>LED4</variable>
            </coil>
            <coil localId="51" negated="false" storage="reset" width="21" height="20">
              <position x="350" y="470"/>
              <connectionPointIn>
                <relPosition x="0" y="10"/>
                <connection refLocalId="8" formalParameter="Q">
                  <position x="350" y="480"/>
                  <position x="330" y="480"/>
                  <position x="330" y="440"/>
                  <position x="310" y="440"/>
                </connection>
              </connectionPointIn>
              <connectionPointOut>
                <relPosition x="21" y="10"/>
              </connectionPointOut>
              <variable>LED3</variable>
            </coil>
            <contact localId="52" negated="false" width="21" height="20">
              <position x="200" y="550"/>
              <connectionPointIn>
                <relPosition x="0" y="10"/>
                <connection refLocalId="93">
                  <position x="200" y="560"/>
                  <position x="180" y="560"/>
                </connection>
              </connectionPointIn>
              <connectionPointOut>
                <relPosition x="21" y="10"/>
              </connectionPointOut>
              <variable>LED4</variable>
            </contact>
            <block localId="10" typeName="TON" instanceName="TON3" width="50" height="60" executionOrderId="0">
              <position x="260" y="530"/>
              <inputVariables>
                <variable formalParameter="IN">
                  <connectionPointIn>
                    <relPosition x="0" y="30"/>
                    <connection refLocalId="52">
                      <position x="260" y="560"/>
                      <position x="221" y="560"/>
                    </connection>
                  </connectionPointIn>
                </variable>
                <variable formalParameter="PT">
                  <connectionPointIn>
                    <relPosition x="0" y="50"/>
                    <connection refLocalId="11">
                      <position x="260" y="580"/>
                      <position x="245" y="580"/>
                      <position x="245" y="600"/>
                      <position x="230" y="600"/>
                    </connection>
                  </connectionPointIn>
                </variable>
              </inputVariables>
              <inOutVariables/>
              <outputVariables>
                <variable formalParameter="Q">
                  <connectionPointOut>
                    <relPosition x="50" y="30"/>
                  </connectionPointOut>
                </variable>
                <variable formalParameter="ET">
                  <connectionPointOut>
                    <relPosition x="50" y="50"/>
                  </connectionPointOut>
                </variable>
              </outputVariables>
            </block>
            <inVariable localId="11" width="70" height="30" negated="false" executionOrderId="0">
              <position x="160" y="590"/>
              <connectionPointOut>
                <relPosition x="70" y="20"/>
              </connectionPointOut>
              <expression>T#500ms</expression>
            </inVariable>
            <coil localId="53" negated="false" storage="reset" width="21" height="20">
              <position x="360" y="550"/>
              <connectionPointIn>
                <relPosition x="0" y="10"/>
                <connection refLocalId="10" formalParameter="Q">
                  <position x="360" y="560"/>
                  <position x="310" y="560"/>
                </connection>
              </connectionPointIn>
              <connectionPointOut>
                <relPosition x="21" y="10"/>
              </connectionPointOut>
              <variable>LED4</variable>
            </coil>
            <coil localId="55" negated="false" width="21" height="20" storage="set">
              <position x="490" y="70"/>
              <connectionPointIn>
                <relPosition x="0" y="10"/>
                <connection refLocalId="35">
                  <position x="490" y="80"/>
                  <position x="461" y="80"/>
                </connection>
              </connectionPointIn>
              <connectionPointOut>
                <relPosition x="21" y="10"/>
              </connectionPointOut>
              <variable>VAR1</variable>
            </coil>
            <coil localId="66" negated="false" storage="set" width="21" height="20">
              <position x="360" y="590"/>
              <connectionPointIn>
                <relPosition x="0" y="10"/>
                <connection refLocalId="10" formalParameter="Q">
                  <position x="360" y="600"/>
                  <position x="335" y="600"/>
                  <position x="335" y="560"/>
                  <position x="310" y="560"/>
                </connection>
              </connectionPointIn>
              <connectionPointOut>
                <relPosition x="21" y="10"/>
              </connectionPointOut>
              <variable>LED3</variable>
            </coil>
            <contact localId="75" negated="true" width="21" height="20">
              <position x="190" y="70"/>
              <connectionPointIn>
                <relPosition x="0" y="10"/>
                <connection refLocalId="1">
                  <position x="190" y="80"/>
                  <position x="140" y="80"/>
                </connection>
              </connectionPointIn>
              <connectionPointOut>
                <relPosition x="21" y="10"/>
              </connectionPointOut>
              <variable>LED1</variable>
            </contact>
            <contact localId="76" negated="true" width="21" height="20">
              <position x="230" y="70"/>
              <connectionPointIn>
                <relPosition x="0" y="10"/>
                <connection refLocalId="75">
                  <position x="230" y="80"/>
                  <position x="211" y="80"/>
                </connection>
              </connectionPointIn>
              <connectionPointOut>
                <relPosition x="21" y="10"/>
              </connectionPointOut>
              <variable>LED2</variable>
            </contact>
            <contact localId="77" negated="true" width="21" height="20">
              <position x="280" y="70"/>
              <connectionPointIn>
                <relPosition x="0" y="10"/>
                <connection refLocalId="76">
                  <position x="280" y="80"/>
                  <position x="251" y="80"/>
                </connection>
              </connectionPointIn>
              <connectionPointOut>
                <relPosition x="21" y="10"/>
              </connectionPointOut>
              <variable>LED3</variable>
            </contact>
            <contact localId="78" negated="true" width="21" height="20">
              <position x="330" y="70"/>
              <connectionPointIn>
                <relPosition x="0" y="10"/>
                <connection refLocalId="77">
                  <position x="330" y="80"/>
                  <position x="301" y="80"/>
                </connection>
              </connectionPointIn>
              <connectionPointOut>
                <relPosition x="21" y="10"/>
              </connectionPointOut>
              <variable>LED4</variable>
            </contact>
            <contact localId="80" negated="false" width="21" height="20">
              <position x="250" y="630"/>
              <connectionPointIn>
                <relPosition x="0" y="10"/>
                <connection refLocalId="1">
                  <position x="250" y="640"/>
                  <position x="140" y="640"/>
                </connection>
              </connectionPointIn>
              <connectionPointOut>
                <relPosition x="21" y="10"/>
              </connectionPointOut>
              <variable>BP</variable>
            </contact>
            <contact localId="81" negated="false" width="21" height="20">
              <position x="300" y="630"/>
              <connectionPointIn>
                <relPosition x="0" y="10"/>
                <connection refLocalId="80">
                  <position x="300" y="640"/>
                  <position x="271" y="640"/>
                </connection>
              </connectionPointIn>
              <connectionPointOut>
                <relPosition x="21" y="10"/>
              </connectionPointOut>
              <variable>VAR1</variable>
            </contact>
            <coil localId="82" negated="false" storage="set" width="21" height="20">
              <position x="370" y="630"/>
              <connectionPointIn>
                <relPosition x="0" y="10"/>
                <connection refLocalId="81">
                  <position x="370" y="640"/>
                  <position x="321" y="640"/>
                </connection>
              </connectionPointIn>
              <connectionPointOut>
                <relPosition x="21" y="10"/>
              </connectionPointOut>
              <variable>VAR2</variable>
            </coil>
            <coil localId="38" negated="false" storage="set" width="21" height="20" executionOrderId="0">
              <position x="270" y="150"/>
              <connectionPointIn>
                <relPosition x="0" y="10"/>
                <connection refLocalId="37">
                  <position x="270" y="160"/>
                  <position x="211" y="160"/>
                </connection>
              </connectionPointIn>
              <connectionPointOut>
                <relPosition x="21" y="10"/>
              </connectionPointOut>
              <variable>LED1</variable>
            </coil>
            <contact localId="37" negated="false" width="21" height="20" executionOrderId="0">
              <position x="190" y="150"/>
              <connectionPointIn>
                <relPosition x="0" y="10"/>
                <connection refLocalId="1">
                  <position x="190" y="160"/>
                  <position x="140" y="160"/>
                </connection>
              </connectionPointIn>
              <connectionPointOut>
                <relPosition x="21" y="10"/>
              </connectionPointOut>
              <variable>DCY</variable>
            </contact>
            <coil localId="39" negated="false" storage="reset" width="21" height="20" executionOrderId="0">
              <position x="280" y="190"/>
              <connectionPointIn>
                <relPosition x="0" y="10"/>
                <connection refLocalId="37">
                  <position x="280" y="200"/>
                  <position x="250" y="200"/>
                  <position x="250" y="160"/>
                  <position x="211" y="160"/>
                </connection>
              </connectionPointIn>
              <connectionPointOut>
                <relPosition x="21" y="10"/>
              </connectionPointOut>
              <variable>DCY</variable>
            </coil>
            <coil localId="83" negated="false" storage="set" width="21" height="20">
              <position x="490" y="110"/>
              <connectionPointIn>
                <relPosition x="0" y="10"/>
                <connection refLocalId="35">
                  <position x="490" y="120"/>
                  <position x="471" y="120"/>
                  <position x="471" y="80"/>
                  <position x="461" y="80"/>
                </connection>
              </connectionPointIn>
              <connectionPointOut>
                <relPosition x="21" y="10"/>
              </connectionPointOut>
              <variable>DCY</variable>
            </coil>
            <coil localId="87" negated="false" storage="set" width="21" height="20">
              <position x="360" y="510"/>
              <connectionPointIn>
                <relPosition x="0" y="10"/>
                <connection refLocalId="10" formalParameter="Q">
                  <position x="360" y="520"/>
                  <position x="335" y="520"/>
                  <position x="335" y="560"/>
                  <position x="310" y="560"/>
                </connection>
              </connectionPointIn>
              <connectionPointOut>
                <relPosition x="21" y="10"/>
              </connectionPointOut>
              <variable>VAR4</variable>
            </coil>
            <contact localId="90" negated="false" width="21" height="20">
              <position x="220" y="710"/>
              <connectionPointIn>
                <relPosition x="0" y="10"/>
                <connection refLocalId="92">
                  <position x="220" y="720"/>
                  <position x="191" y="720"/>
                </connection>
              </connectionPointIn>
              <connectionPointOut>
                <relPosition x="21" y="10"/>
              </connectionPointOut>
              <variable>VAR3</variable>
            </contact>
            <coil localId="91" negated="false" storage="reset" width="21" height="20">
              <position x="380" y="710"/>
              <connectionPointIn>
                <relPosition x="0" y="10"/>
                <connection refLocalId="90">
                  <position x="380" y="720"/>
                  <position x="241" y="720"/>
                </connection>
              </connectionPointIn>
              <connectionPointOut>
                <relPosition x="21" y="10"/>
              </connectionPointOut>
              <variable>LED1</variable>
            </coil>
            <coil localId="12" negated="false" storage="reset" width="21" height="20" executionOrderId="0">
              <position x="380" y="750"/>
              <connectionPointIn>
                <relPosition x="0" y="10"/>
                <connection refLocalId="90">
                  <position x="380" y="760"/>
                  <position x="290" y="760"/>
                  <position x="290" y="720"/>
                  <position x="241" y="720"/>
                </connection>
              </connectionPointIn>
              <connectionPointOut>
                <relPosition x="21" y="10"/>
              </connectionPointOut>
              <variable>LED2</variable>
            </coil>
            <coil localId="13" negated="false" storage="reset" width="21" height="20" executionOrderId="0">
              <position x="380" y="790"/>
              <connectionPointIn>
                <relPosition x="0" y="10"/>
                <connection refLocalId="90">
                  <position x="380" y="800"/>
                  <position x="290" y="800"/>
                  <position x="290" y="720"/>
                  <position x="241" y="720"/>
                </connection>
              </connectionPointIn>
              <connectionPointOut>
                <relPosition x="21" y="10"/>
              </connectionPointOut>
              <variable>LED3</variable>
            </coil>
            <coil localId="14" negated="false" storage="reset" width="21" height="20" executionOrderId="0">
              <position x="380" y="830"/>
              <connectionPointIn>
                <relPosition x="0" y="10"/>
                <connection refLocalId="90">
                  <position x="380" y="840"/>
                  <position x="290" y="840"/>
                  <position x="290" y="720"/>
                  <position x="241" y="720"/>
                </connection>
              </connectionPointIn>
              <connectionPointOut>
                <relPosition x="21" y="10"/>
              </connectionPointOut>
              <variable>LED4</variable>
            </coil>
            <coil localId="15" negated="false" storage="reset" width="21" height="20" executionOrderId="0">
              <position x="380" y="870"/>
              <connectionPointIn>
                <relPosition x="0" y="10"/>
                <connection refLocalId="90">
                  <position x="380" y="880"/>
                  <position x="290" y="880"/>
                  <position x="290" y="720"/>
                  <position x="241" y="720"/>
                </connection>
              </connectionPointIn>
              <connectionPointOut>
                <relPosition x="21" y="10"/>
              </connectionPointOut>
              <variable>VAR1</variable>
            </coil>
            <coil localId="16" negated="false" storage="reset" width="21" height="20" executionOrderId="0">
              <position x="380" y="910"/>
              <connectionPointIn>
                <relPosition x="0" y="10"/>
                <connection refLocalId="90">
                  <position x="380" y="920"/>
                  <position x="290" y="920"/>
                  <position x="290" y="720"/>
                  <position x="241" y="720"/>
                </connection>
              </connectionPointIn>
              <connectionPointOut>
                <relPosition x="21" y="10"/>
              </connectionPointOut>
              <variable>VAR2</variable>
            </coil>
            <coil localId="17" negated="false" storage="reset" width="21" height="20" executionOrderId="0">
              <position x="380" y="950"/>
              <connectionPointIn>
                <relPosition x="0" y="10"/>
                <connection refLocalId="90">
                  <position x="380" y="960"/>
                  <position x="290" y="960"/>
                  <position x="290" y="720"/>
                  <position x="241" y="720"/>
                </connection>
              </connectionPointIn>
              <connectionPointOut>
                <relPosition x="21" y="10"/>
              </connectionPointOut>
              <variable>VAR3</variable>
            </coil>
            <contact localId="92" negated="false" width="21" height="20">
              <position x="170" y="710"/>
              <connectionPointIn>
                <relPosition x="0" y="10"/>
                <connection refLocalId="1">
                  <position x="170" y="720"/>
                  <position x="140" y="720"/>
                </connection>
              </connectionPointIn>
              <connectionPointOut>
                <relPosition x="21" y="10"/>
              </connectionPointOut>
              <variable>VAR2</variable>
            </contact>
            <coil localId="89" negated="false" storage="reset" width="21" height="20" executionOrderId="0">
              <position x="370" y="1230"/>
              <connectionPointIn>
                <relPosition x="0" y="10"/>
                <connection refLocalId="88">
                  <position x="370" y="1240"/>
                  <position x="231" y="1240"/>
                </connection>
              </connectionPointIn>
              <connectionPointOut>
                <relPosition x="21" y="10"/>
              </connectionPointOut>
              <variable>VAR3</variable>
            </coil>
            <contact localId="88" negated="false" width="21" height="20" executionOrderId="0">
              <position x="210" y="1230"/>
              <connectionPointIn>
                <relPosition x="0" y="10"/>
                <connection refLocalId="1">
                  <position x="210" y="1240"/>
                  <position x="140" y="1240"/>
                </connection>
              </connectionPointIn>
              <connectionPointOut>
                <relPosition x="21" y="10"/>
              </connectionPointOut>
              <variable>LED1</variable>
            </contact>
            <contact localId="93" negated="true" width="21" height="20">
              <position x="160" y="550"/>
              <connectionPointIn>
                <relPosition x="0" y="10"/>
                <connection refLocalId="1">
                  <position x="160" y="560"/>
                  <position x="140" y="560"/>
                </connection>
              </connectionPointIn>
              <connectionPointOut>
                <relPosition x="21" y="10"/>
              </connectionPointOut>
              <variable>VAR4</variable>
            </contact>
            <contact localId="94" negated="true" width="21" height="20">
              <position x="170" y="430"/>
              <connectionPointIn>
                <relPosition x="0" y="10"/>
                <connection refLocalId="1">
                  <position x="170" y="440"/>
                  <position x="140" y="440"/>
                </connection>
              </connectionPointIn>
              <connectionPointOut>
                <relPosition x="21" y="10"/>
              </connectionPointOut>
              <variable>VAR4</variable>
            </contact>
            <contact localId="95" negated="true" width="21" height="20">
              <position x="190" y="310"/>
              <connectionPointIn>
                <relPosition x="0" y="10"/>
                <connection refLocalId="1">
                  <position x="190" y="320"/>
                  <position x="140" y="320"/>
                </connection>
              </connectionPointIn>
              <connectionPointOut>
                <relPosition x="21" y="10"/>
              </connectionPointOut>
              <variable>VAR4</variable>
            </contact>
            <contact localId="96" negated="true" width="21" height="20">
              <position x="180" y="230"/>
              <connectionPointIn>
                <relPosition x="0" y="10"/>
                <connection refLocalId="1">
                  <position x="180" y="240"/>
                  <position x="140" y="240"/>
                </connection>
              </connectionPointIn>
              <connectionPointOut>
                <relPosition x="21" y="10"/>
              </connectionPointOut>
              <variable>VAR4</variable>
            </contact>
            <contact localId="97" negated="false" width="21" height="20">
              <position x="190" y="990"/>
              <connectionPointIn>
                <relPosition x="0" y="10"/>
                <connection refLocalId="1">
                  <position x="190" y="1000"/>
                  <position x="140" y="1000"/>
                </connection>
              </connectionPointIn>
              <connectionPointOut>
                <relPosition x="21" y="10"/>
              </connectionPointOut>
              <variable>VAR4</variable>
            </contact>
            <block localId="18" typeName="TON" instanceName="TON4" width="50" height="60" executionOrderId="0">
              <position x="290" y="970"/>
              <inputVariables>
                <variable formalParameter="IN">
                  <connectionPointIn>
                    <relPosition x="0" y="30"/>
                    <connection refLocalId="99">
                      <position x="290" y="1000"/>
                      <position x="260" y="1000"/>
                    </connection>
                  </connectionPointIn>
                </variable>
                <variable formalParameter="PT">
                  <connectionPointIn>
                    <relPosition x="0" y="50"/>
                    <connection refLocalId="19">
                      <position x="290" y="1020"/>
                      <position x="270" y="1020"/>
                      <position x="270" y="1030"/>
                      <position x="250" y="1030"/>
                    </connection>
                  </connectionPointIn>
                </variable>
              </inputVariables>
              <inOutVariables/>
              <outputVariables>
                <variable formalParameter="Q">
                  <connectionPointOut>
                    <relPosition x="50" y="30"/>
                  </connectionPointOut>
                </variable>
                <variable formalParameter="ET">
                  <connectionPointOut>
                    <relPosition x="50" y="50"/>
                  </connectionPointOut>
                </variable>
              </outputVariables>
            </block>
            <inVariable localId="19" width="70" height="30" negated="false" executionOrderId="0">
              <position x="180" y="1010"/>
              <connectionPointOut>
                <relPosition x="70" y="20"/>
              </connectionPointOut>
              <expression>T#500ms</expression>
            </inVariable>
            <contact localId="99" negated="false" width="21" height="20">
              <position x="240" y="990"/>
              <connectionPointIn>
                <relPosition x="0" y="10"/>
                <connection refLocalId="97">
                  <position x="240" y="1000"/>
                  <position x="211" y="1000"/>
                </connection>
              </connectionPointIn>
              <connectionPointOut>
                <relPosition x="21" y="10"/>
              </connectionPointOut>
              <variable>LED3</variable>
            </contact>
            <coil localId="100" negated="false" width="21" height="20" storage="reset">
              <position x="370" y="990"/>
              <connectionPointIn>
                <relPosition x="0" y="10"/>
                <connection refLocalId="18" formalParameter="Q">
                  <position x="370" y="1000"/>
                  <position x="340" y="1000"/>
                </connection>
              </connectionPointIn>
              <connectionPointOut>
                <relPosition x="21" y="10"/>
              </connectionPointOut>
              <variable>LED3</variable>
            </coil>
            <coil localId="101" negated="false" storage="set" width="21" height="20">
              <position x="370" y="1030"/>
              <connectionPointIn>
                <relPosition x="0" y="10"/>
                <connection refLocalId="18" formalParameter="Q">
                  <position x="370" y="1040"/>
                  <position x="355" y="1040"/>
                  <position x="355" y="1000"/>
                  <position x="340" y="1000"/>
                </connection>
              </connectionPointIn>
              <connectionPointOut>
                <relPosition x="21" y="10"/>
              </connectionPointOut>
              <variable>LED2</variable>
            </coil>
            <contact localId="102" negated="false" width="21" height="20">
              <position x="160" y="1070"/>
              <connectionPointIn>
                <relPosition x="0" y="10"/>
                <connection refLocalId="1">
                  <position x="160" y="1080"/>
                  <position x="140" y="1080"/>
                </connection>
              </connectionPointIn>
              <connectionPointOut>
                <relPosition x="21" y="10"/>
              </connectionPointOut>
              <variable>LED2</variable>
            </contact>
            <contact localId="20" negated="false" width="21" height="20" executionOrderId="0">
              <position x="200" y="1070"/>
              <connectionPointIn>
                <relPosition x="0" y="10"/>
                <connection refLocalId="102">
                  <position x="200" y="1080"/>
                  <position x="181" y="1080"/>
                </connection>
              </connectionPointIn>
              <connectionPointOut>
                <relPosition x="21" y="10"/>
              </connectionPointOut>
              <variable>VAR4</variable>
            </contact>
            <block localId="21" typeName="TON" instanceName="TON5" width="50" height="60" executionOrderId="0">
              <position x="240" y="1050"/>
              <inputVariables>
                <variable formalParameter="IN">
                  <connectionPointIn>
                    <relPosition x="0" y="30"/>
                    <connection refLocalId="20">
                      <position x="240" y="1080"/>
                      <position x="221" y="1080"/>
                    </connection>
                  </connectionPointIn>
                </variable>
                <variable formalParameter="PT">
                  <connectionPointIn>
                    <relPosition x="0" y="50"/>
                    <connection refLocalId="22">
                      <position x="240" y="1100"/>
                      <position x="230" y="1100"/>
                      <position x="230" y="1120"/>
                      <position x="220" y="1120"/>
                    </connection>
                  </connectionPointIn>
                </variable>
              </inputVariables>
              <inOutVariables/>
              <outputVariables>
                <variable formalParameter="Q">
                  <connectionPointOut>
                    <relPosition x="50" y="30"/>
                  </connectionPointOut>
                </variable>
                <variable formalParameter="ET">
                  <connectionPointOut>
                    <relPosition x="50" y="50"/>
                  </connectionPointOut>
                </variable>
              </outputVariables>
            </block>
            <inVariable localId="22" width="70" height="30" negated="false" executionOrderId="0">
              <position x="150" y="1100"/>
              <connectionPointOut>
                <relPosition x="70" y="20"/>
              </connectionPointOut>
              <expression>T#500ms</expression>
            </inVariable>
            <coil localId="103" negated="false" storage="reset" width="21" height="20">
              <position x="450" y="1070"/>
              <connectionPointIn>
                <relPosition x="0" y="10"/>
                <connection refLocalId="21" formalParameter="Q">
                  <position x="450" y="1080"/>
                  <position x="290" y="1080"/>
                </connection>
              </connectionPointIn>
              <connectionPointOut>
                <relPosition x="21" y="10"/>
              </connectionPointOut>
              <variable>LED2</variable>
            </coil>
            <coil localId="104" negated="false" storage="set" width="21" height="20">
              <position x="450" y="1110"/>
              <connectionPointIn>
                <relPosition x="0" y="10"/>
                <connection refLocalId="21" formalParameter="Q">
                  <position x="450" y="1120"/>
                  <position x="370" y="1120"/>
                  <position x="370" y="1080"/>
                  <position x="290" y="1080"/>
                </connection>
              </connectionPointIn>
              <connectionPointOut>
                <relPosition x="21" y="10"/>
              </connectionPointOut>
              <variable>LED1</variable>
            </coil>
            <coil localId="105" negated="false" storage="reset" width="21" height="20">
              <position x="450" y="1150"/>
              <connectionPointIn>
                <relPosition x="0" y="10"/>
                <connection refLocalId="23" formalParameter="Q">
                  <position x="450" y="1160"/>
                  <position x="300" y="1160"/>
                </connection>
              </connectionPointIn>
              <connectionPointOut>
                <relPosition x="21" y="10"/>
              </connectionPointOut>
              <variable>VAR4</variable>
            </coil>
            <coil localId="106" negated="false" storage="reset" width="21" height="20">
              <position x="380" y="670"/>
              <connectionPointIn>
                <relPosition x="0" y="10"/>
                <connection refLocalId="90">
                  <position x="380" y="680"/>
                  <position x="290" y="680"/>
                  <position x="290" y="720"/>
                  <position x="241" y="720"/>
                </connection>
              </connectionPointIn>
              <connectionPointOut>
                <relPosition x="21" y="10"/>
              </connectionPointOut>
              <variable>VAR4</variable>
            </coil>
            <coil localId="107" negated="false" storage="set" width="21" height="20">
              <position x="450" y="1190"/>
              <connectionPointIn>
                <relPosition x="0" y="10"/>
                <connection refLocalId="23" formalParameter="Q">
                  <position x="450" y="1200"/>
                  <position x="375" y="1200"/>
                  <position x="375" y="1160"/>
                  <position x="300" y="1160"/>
                </connection>
              </connectionPointIn>
              <connectionPointOut>
                <relPosition x="21" y="10"/>
              </connectionPointOut>
              <variable>VAR3</variable>
            </coil>
            <contact localId="108" negated="false" width="21" height="20">
              <position x="200" y="1150"/>
              <connectionPointIn>
                <relPosition x="0" y="10"/>
                <connection refLocalId="109">
                  <position x="200" y="1160"/>
                  <position x="181" y="1160"/>
                </connection>
              </connectionPointIn>
              <connectionPointOut>
                <relPosition x="21" y="10"/>
              </connectionPointOut>
              <variable>LED1</variable>
            </contact>
            <block localId="23" typeName="TON" instanceName="TON6" width="50" height="60" executionOrderId="0">
              <position x="250" y="1130"/>
              <inputVariables>
                <variable formalParameter="IN">
                  <connectionPointIn>
                    <relPosition x="0" y="30"/>
                    <connection refLocalId="108">
                      <position x="250" y="1160"/>
                      <position x="221" y="1160"/>
                    </connection>
                  </connectionPointIn>
                </variable>
                <variable formalParameter="PT">
                  <connectionPointIn>
                    <relPosition x="0" y="50"/>
                    <connection refLocalId="24">
                      <position x="250" y="1180"/>
                      <position x="240" y="1180"/>
                      <position x="240" y="1200"/>
                      <position x="230" y="1200"/>
                    </connection>
                  </connectionPointIn>
                </variable>
              </inputVariables>
              <inOutVariables/>
              <outputVariables>
                <variable formalParameter="Q">
                  <connectionPointOut>
                    <relPosition x="50" y="30"/>
                  </connectionPointOut>
                </variable>
                <variable formalParameter="ET">
                  <connectionPointOut>
                    <relPosition x="50" y="50"/>
                  </connectionPointOut>
                </variable>
              </outputVariables>
            </block>
            <inVariable localId="24" width="70" height="30" negated="false" executionOrderId="0">
              <position x="160" y="1180"/>
              <connectionPointOut>
                <relPosition x="70" y="20"/>
              </connectionPointOut>
              <expression>T#500ms</expression>
            </inVariable>
            <contact localId="109" negated="false" width="21" height="20">
              <position x="160" y="1150"/>
              <connectionPointIn>
                <relPosition x="0" y="10"/>
                <connection refLocalId="1">
                  <position x="160" y="1160"/>
                  <position x="140" y="1160"/>
                </connection>
              </connectionPointIn>
              <connectionPointOut>
                <relPosition x="21" y="10"/>
              </connectionPointOut>
              <variable>VAR4</variable>
            </contact>
            <leftPowerRail localId="110" width="10" height="400">
              <position x="130" y="1260"/>
              <connectionPointOut formalParameter="">
                <relPosition x="10" y="20"/>
              </connectionPointOut>
              <connectionPointOut formalParameter="">
                <relPosition x="10" y="60"/>
              </connectionPointOut>
              <connectionPointOut formalParameter="">
                <relPosition x="10" y="100"/>
              </connectionPointOut>
              <connectionPointOut formalParameter="">
                <relPosition x="10" y="140"/>
              </connectionPointOut>
              <connectionPointOut formalParameter="">
                <relPosition x="10" y="180"/>
              </connectionPointOut>
              <connectionPointOut formalParameter="">
                <relPosition x="10" y="220"/>
              </connectionPointOut>
              <connectionPointOut formalParameter="">
                <relPosition x="10" y="260"/>
              </connectionPointOut>
              <connectionPointOut formalParameter="">
                <relPosition x="10" y="300"/>
              </connectionPointOut>
              <connectionPointOut formalParameter="">
                <relPosition x="10" y="340"/>
              </connectionPointOut>
              <connectionPointOut formalParameter="">
                <relPosition x="10" y="380"/>
              </connectionPointOut>
            </leftPowerRail>
            <rightPowerRail localId="112" width="10" height="400">
              <position x="520" y="1260"/>
              <connectionPointIn>
                <relPosition x="0" y="20"/>
                <connection refLocalId="114">
                  <position x="520" y="1280"/>
                  <position x="420" y="1280"/>
                </connection>
              </connectionPointIn>
              <connectionPointIn>
                <relPosition x="0" y="60"/>
                <connection refLocalId="115">
                  <position x="520" y="1320"/>
                  <position x="420" y="1320"/>
                </connection>
              </connectionPointIn>
              <connectionPointIn>
                <relPosition x="0" y="100"/>
                <connection refLocalId="116">
                  <position x="520" y="1360"/>
                  <position x="420" y="1360"/>
                </connection>
              </connectionPointIn>
              <connectionPointIn>
                <relPosition x="0" y="140"/>
                <connection refLocalId="117">
                  <position x="520" y="1400"/>
                  <position x="420" y="1400"/>
                </connection>
              </connectionPointIn>
              <connectionPointIn>
                <relPosition x="0" y="180"/>
                <connection refLocalId="118">
                  <position x="520" y="1440"/>
                  <position x="420" y="1440"/>
                </connection>
              </connectionPointIn>
              <connectionPointIn>
                <relPosition x="0" y="220"/>
                <connection refLocalId="119">
                  <position x="520" y="1480"/>
                  <position x="420" y="1480"/>
                </connection>
              </connectionPointIn>
              <connectionPointIn>
                <relPosition x="0" y="260"/>
                <connection refLocalId="120">
                  <position x="520" y="1520"/>
                  <position x="420" y="1520"/>
                </connection>
              </connectionPointIn>
              <connectionPointIn>
                <relPosition x="0" y="300"/>
                <connection refLocalId="121">
                  <position x="520" y="1560"/>
                  <position x="420" y="1560"/>
                </connection>
              </connectionPointIn>
              <connectionPointIn>
                <relPosition x="0" y="340"/>
              </connectionPointIn>
              <connectionPointIn>
                <relPosition x="0" y="380"/>
              </connectionPointIn>
            </rightPowerRail>
            <contact localId="113" negated="false" width="20" height="20">
              <position x="180" y="1270"/>
              <connectionPointIn>
                <relPosition x="0" y="10"/>
                <connection refLocalId="110">
                  <position x="180" y="1280"/>
                  <position x="140" y="1280"/>
                </connection>
              </connectionPointIn>
              <connectionPointOut>
                <relPosition x="20" y="10"/>
              </connectionPointOut>
              <variable>BP1</variable>
            </contact>
            <coil localId="114" negated="false" storage="set" width="20" height="20">
              <position x="400" y="1270"/>
              <connectionPointIn>
                <relPosition x="0" y="10"/>
                <connection refLocalId="113">
                  <position x="400" y="1280"/>
                  <position x="200" y="1280"/>
                </connection>
              </connectionPointIn>
              <connectionPointOut>
                <relPosition x="20" y="10"/>
              </connectionPointOut>
              <variable>DCY</variable>
            </coil>
            <coil localId="115" negated="false" storage="reset" width="20" height="20">
              <position x="400" y="1310"/>
              <connectionPointIn>
                <relPosition x="0" y="10"/>
                <connection refLocalId="113">
                  <position x="400" y="1320"/>
                  <position x="310" y="1320"/>
                  <position x="310" y="1280"/>
                  <position x="200" y="1280"/>
                </connection>
              </connectionPointIn>
              <connectionPointOut>
                <relPosition x="20" y="10"/>
              </connectionPointOut>
              <variable>LED2</variable>
            </coil>
            <coil localId="116" negated="false" storage="reset" width="20" height="20">
              <position x="400" y="1350"/>
              <connectionPointIn>
                <relPosition x="0" y="10"/>
                <connection refLocalId="113">
                  <position x="400" y="1360"/>
                  <position x="310" y="1360"/>
                  <position x="310" y="1280"/>
                  <position x="200" y="1280"/>
                </connection>
              </connectionPointIn>
              <connectionPointOut>
                <relPosition x="20" y="10"/>
              </connectionPointOut>
              <variable>LED3</variable>
            </coil>
            <coil localId="117" negated="false" storage="reset" width="20" height="20">
              <position x="400" y="1390"/>
              <connectionPointIn>
                <relPosition x="0" y="10"/>
                <connection refLocalId="113">
                  <position x="400" y="1400"/>
                  <position x="310" y="1400"/>
                  <position x="310" y="1280"/>
                  <position x="200" y="1280"/>
                </connection>
              </connectionPointIn>
              <connectionPointOut>
                <relPosition x="20" y="10"/>
              </connectionPointOut>
              <variable>LED4</variable>
            </coil>
            <coil localId="118" negated="false" storage="reset" width="20" height="20">
              <position x="400" y="1430"/>
              <connectionPointIn>
                <relPosition x="0" y="10"/>
                <connection refLocalId="113">
                  <position x="400" y="1440"/>
                  <position x="310" y="1440"/>
                  <position x="310" y="1280"/>
                  <position x="200" y="1280"/>
                </connection>
              </connectionPointIn>
              <connectionPointOut>
                <relPosition x="20" y="10"/>
              </connectionPointOut>
              <variable>VAR1</variable>
            </coil>
            <coil localId="119" negated="false" storage="reset" width="20" height="20">
              <position x="400" y="1470"/>
              <connectionPointIn>
                <relPosition x="0" y="10"/>
                <connection refLocalId="113">
                  <position x="400" y="1480"/>
                  <position x="310" y="1480"/>
                  <position x="310" y="1280"/>
                  <position x="200" y="1280"/>
                </connection>
              </connectionPointIn>
              <connectionPointOut>
                <relPosition x="20" y="10"/>
              </connectionPointOut>
              <variable>VAR2</variable>
            </coil>
            <coil localId="120" negated="false" storage="reset" width="20" height="20">
              <position x="400" y="1510"/>
              <connectionPointIn>
                <relPosition x="0" y="10"/>
                <connection refLocalId="113">
                  <position x="400" y="1520"/>
                  <position x="310" y="1520"/>
                  <position x="310" y="1280"/>
                  <position x="200" y="1280"/>
                </connection>
              </connectionPointIn>
              <connectionPointOut>
                <relPosition x="20" y="10"/>
              </connectionPointOut>
              <variable>VAR3</variable>
            </coil>
            <coil localId="121" negated="false" storage="reset" width="20" height="20">
              <position x="400" y="1550"/>
              <connectionPointIn>
                <relPosition x="0" y="10"/>
                <connection refLocalId="113">
                  <position x="400" y="1560"/>
                  <position x="310" y="1560"/>
                  <position x="310" y="1280"/>
                  <position x="200" y="1280"/>
                </connection>
              </connectionPointIn>
              <connectionPointOut>
                <relPosition x="20" y="10"/>
              </connectionPointOut>
              <variable>VAR4</variable>
            </coil>
          </LD>
        </body>
      </pou>
    </pous>
  </types>
  <instances>
    <configurations>
      <configuration name="Config0">
        <resource name="Res0">
          <task name="task0" priority="0" interval="T#20ms">
            <pouInstance name="instance0" typeName="program0"/>
          </task>
        </resource>
      </configuration>
    </configurations>
  </instances>
</project>
