<?xml version='1.0' encoding='utf-8'?>
<project xmlns="http://www.plcopen.org/xml/tc6_0201" xmlns:xsd="http://www.w3.org/2001/XMLSchema" xmlns:xhtml="http://www.w3.org/1999/xhtml" xmlns:ns1="http://www.plcopen.org/xml/tc6_0201">
  <fileHeader companyName="Inconnu" productName="SansNom" productVersion="1" creationDateTime="2024-05-01T19:09:14"/>
  <contentHeader name="SansNom" modificationDateTime="2024-05-06T10:48:32">
    <coordinateInfo>
      <fbd>
        <scaling x="10" y="10"/>
      </fbd>
      <ld>
        <scaling x="10" y="10"/>
      </ld>
      <sfc>
        <scaling x="10" y="10"/>
      </sfc>
    </coordinateInfo>
  </contentHeader>
  <types>
    <dataTypes/>
    <pous>
      <pou name="program0" pouType="program">
        <interface>
          <localVars>
            <variable name="BP" address="%IX0.0">
              <type>
                <BOOL/>
              </type>
              <documentation>
                <xhtml:p><![CDATA[Ceci est le bouton poussoir]]></xhtml:p>
              </documentation>
            </variable>
            <variable name="LED1" address="%QX0.0">
              <type>
                <BOOL/>
              </type>
              <documentation>
                <xhtml:p><![CDATA[LED]]></xhtml:p>
              </documentation>
            </variable>
            <variable name="LED2" address="%QX0.1">
              <type>
                <BOOL/>
              </type>
              <documentation>
                <xhtml:p><![CDATA[LED]]></xhtml:p>
              </documentation>
            </variable>
            <variable name="LED3" address="%QX0.2">
              <type>
                <BOOL/>
              </type>
              <documentation>
                <xhtml:p><![CDATA[LED]]></xhtml:p>
              </documentation>
            </variable>
            <variable name="LED4" address="%QX0.3">
              <type>
                <BOOL/>
              </type>
              <documentation>
                <xhtml:p><![CDATA[LED]]></xhtml:p>
              </documentation>
            </variable>
          </localVars>
          <localVars>
            <variable name="DCY">
              <type>
                <BOOL/>
              </type>
              <documentation>
                <xhtml:p><![CDATA[DCY]]></xhtml:p>
              </documentation>
            </variable>
            <variable name="VAR1">
              <type>
                <BOOL/>
              </type>
              <documentation>
                <xhtml:p><![CDATA[Variable auxiliaire]]></xhtml:p>
              </documentation>
            </variable>
            <variable name="TON0">
              <type>
                <derived name="TON"/>
              </type>
            </variable>
            <variable name="TON1">
              <type>
                <derived name="TON"/>
              </type>
            </variable>
            <variable name="TON2">
              <type>
                <derived name="TON"/>
              </type>
            </variable>
            <variable name="TON3">
              <type>
                <derived name="TON"/>
              </type>
            </variable>
            <variable name="TON4">
              <type>
                <derived name="TON"/>
              </type>
            </variable>
            <variable name="TON5">
              <type>
                <derived name="TON"/>
              </type>
            </variable>
            <variable name="TON6">
              <type>
                <derived name="TON"/>
              </type>
            </variable>
          </localVars>
        </interface>
        <body>
          <LD>
            <leftPowerRail localId="1" width="10" height="1200">
              <position x="130" y="60"/>
              <connectionPointOut formalParameter="">
                <relPosition x="10" y="20"/>
              </connectionPointOut>
              <connectionPointOut formalParameter="">
                <relPosition x="10" y="60"/>
              </connectionPointOut>
              <connectionPointOut formalParameter="">
                <relPosition x="10" y="100"/>
              </connectionPointOut>
              <connectionPointOut formalParameter="">
                <relPosition x="10" y="140"/>
              </connectionPointOut>
              <connectionPointOut formalParameter="">
                <relPosition x="10" y="180"/>
              </connectionPointOut>
              <connectionPointOut formalParameter="">
                <relPosition x="10" y="220"/>
              </connectionPointOut>
              <connectionPointOut formalParameter="">
                <relPosition x="10" y="260"/>
              </connectionPointOut>
              <connectionPointOut formalParameter="">
                <relPosition x="10" y="300"/>
              </connectionPointOut>
              <connectionPointOut formalParameter="">
                <relPosition x="10" y="340"/>
              </connectionPointOut>
              <connectionPointOut formalParameter="">
                <relPosition x="10" y="380"/>
              </connectionPointOut>
              <connectionPointOut formalParameter="">
                <relPosition x="10" y="420"/>
              </connectionPointOut>
              <connectionPointOut formalParameter="">
                <relPosition x="10" y="460"/>
              </connectionPointOut>
              <connectionPointOut formalParameter="">
                <relPosition x="10" y="500"/>
              </connectionPointOut>
              <connectionPointOut formalParameter="">
                <relPosition x="10" y="540"/>
              </connectionPointOut>
              <connectionPointOut formalParameter="">
                <relPosition x="10" y="580"/>
              </connectionPointOut>
              <connectionPointOut formalParameter="">
                <relPosition x="10" y="620"/>
              </connectionPointOut>
              <connectionPointOut formalParameter="">
                <relPosition x="10" y="660"/>
              </connectionPointOut>
              <connectionPointOut formalParameter="">
                <relPosition x="10" y="700"/>
              </connectionPointOut>
              <connectionPointOut formalParameter="">
                <relPosition x="10" y="740"/>
              </connectionPointOut>
              <connectionPointOut formalParameter="">
                <relPosition x="10" y="780"/>
              </connectionPointOut>
              <connectionPointOut formalParameter="">
                <relPosition x="10" y="820"/>
              </connectionPointOut>
              <connectionPointOut formalParameter="">
                <relPosition x="10" y="860"/>
              </connectionPointOut>
              <connectionPointOut formalParameter="">
                <relPosition x="10" y="900"/>
              </connectionPointOut>
              <connectionPointOut formalParameter="">
                <relPosition x="10" y="940"/>
              </connectionPointOut>
              <connectionPointOut formalParameter="">
                <relPosition x="10" y="980"/>
              </connectionPointOut>
              <connectionPointOut formalParameter="">
                <relPosition x="10" y="1020"/>
              </connectionPointOut>
              <connectionPointOut formalParameter="">
                <relPosition x="10" y="1060"/>
              </connectionPointOut>
              <connectionPointOut formalParameter="">
                <relPosition x="10" y="1100"/>
              </connectionPointOut>
              <connectionPointOut formalParameter="">
                <relPosition x="10" y="1140"/>
              </connectionPointOut>
              <connectionPointOut formalParameter="">
                <relPosition x="10" y="1180"/>
              </connectionPointOut>
            </leftPowerRail>
            <rightPowerRail localId="2" width="10" height="1200">
              <position x="520" y="60"/>
              <connectionPointIn>
                <relPosition x="0" y="20"/>
                <connection refLocalId="76">
                  <position x="520" y="80"/>
                  <position x="340" y="80"/>
                </connection>
              </connectionPointIn>
              <connectionPointIn>
                <relPosition x="0" y="60"/>
                <connection refLocalId="26">
                  <position x="520" y="120"/>
                  <position x="401" y="120"/>
                </connection>
              </connectionPointIn>
              <connectionPointIn>
                <relPosition x="0" y="100"/>
                <connection refLocalId="6">
                  <position x="520" y="160"/>
                  <position x="401" y="160"/>
                </connection>
              </connectionPointIn>
              <connectionPointIn>
                <relPosition x="0" y="140"/>
                <connection refLocalId="10">
                  <position x="520" y="200"/>
                  <position x="461" y="200"/>
                </connection>
              </connectionPointIn>
              <connectionPointIn>
                <relPosition x="0" y="180"/>
                <connection refLocalId="11">
                  <position x="520" y="240"/>
                  <position x="461" y="240"/>
                </connection>
              </connectionPointIn>
              <connectionPointIn>
                <relPosition x="0" y="220"/>
                <connection refLocalId="15">
                  <position x="520" y="280"/>
                  <position x="451" y="280"/>
                </connection>
              </connectionPointIn>
              <connectionPointIn>
                <relPosition x="0" y="260"/>
                <connection refLocalId="16">
                  <position x="520" y="320"/>
                  <position x="451" y="320"/>
                </connection>
              </connectionPointIn>
              <connectionPointIn>
                <relPosition x="0" y="300"/>
              </connectionPointIn>
              <connectionPointIn>
                <relPosition x="0" y="340"/>
                <connection refLocalId="20">
                  <position x="520" y="400"/>
                  <position x="441" y="400"/>
                </connection>
              </connectionPointIn>
              <connectionPointIn>
                <relPosition x="0" y="380"/>
                <connection refLocalId="21">
                  <position x="520" y="440"/>
                  <position x="441" y="440"/>
                </connection>
              </connectionPointIn>
              <connectionPointIn>
                <relPosition x="0" y="420"/>
              </connectionPointIn>
              <connectionPointIn>
                <relPosition x="0" y="460"/>
                <connection refLocalId="25">
                  <position x="520" y="520"/>
                  <position x="451" y="520"/>
                </connection>
              </connectionPointIn>
              <connectionPointIn>
                <relPosition x="0" y="500"/>
                <connection refLocalId="31">
                  <position x="520" y="560"/>
                  <position x="451" y="560"/>
                </connection>
              </connectionPointIn>
              <connectionPointIn>
                <relPosition x="0" y="540"/>
              </connectionPointIn>
              <connectionPointIn>
                <relPosition x="0" y="580"/>
                <connection refLocalId="41">
                  <position x="520" y="640"/>
                  <position x="421" y="640"/>
                </connection>
              </connectionPointIn>
              <connectionPointIn>
                <relPosition x="0" y="620"/>
                <connection refLocalId="44">
                  <position x="520" y="680"/>
                  <position x="421" y="680"/>
                </connection>
              </connectionPointIn>
              <connectionPointIn>
                <relPosition x="0" y="660"/>
                <connection refLocalId="45">
                  <position x="520" y="720"/>
                  <position x="421" y="720"/>
                </connection>
              </connectionPointIn>
              <connectionPointIn>
                <relPosition x="0" y="700"/>
              </connectionPointIn>
              <connectionPointIn>
                <relPosition x="0" y="740"/>
                <connection refLocalId="50">
                  <position x="520" y="800"/>
                  <position x="411" y="800"/>
                </connection>
              </connectionPointIn>
              <connectionPointIn>
                <relPosition x="0" y="780"/>
                <connection refLocalId="52">
                  <position x="520" y="840"/>
                  <position x="411" y="840"/>
                </connection>
              </connectionPointIn>
              <connectionPointIn>
                <relPosition x="0" y="820"/>
              </connectionPointIn>
              <connectionPointIn>
                <relPosition x="0" y="860"/>
                <connection refLocalId="55">
                  <position x="520" y="920"/>
                  <position x="411" y="920"/>
                </connection>
              </connectionPointIn>
              <connectionPointIn>
                <relPosition x="0" y="900"/>
                <connection refLocalId="57">
                  <position x="520" y="960"/>
                  <position x="411" y="960"/>
                </connection>
              </connectionPointIn>
              <connectionPointIn>
                <relPosition x="0" y="940"/>
                <connection refLocalId="58">
                  <position x="520" y="1000"/>
                  <position x="411" y="1000"/>
                </connection>
              </connectionPointIn>
              <connectionPointIn>
                <relPosition x="0" y="980"/>
                <connection refLocalId="4">
                  <position x="520" y="1040"/>
                  <position x="471" y="1040"/>
                </connection>
              </connectionPointIn>
              <connectionPointIn>
                <relPosition x="0" y="1020"/>
                <connection refLocalId="59">
                  <position x="520" y="1080"/>
                  <position x="471" y="1080"/>
                </connection>
              </connectionPointIn>
              <connectionPointIn>
                <relPosition x="0" y="1060"/>
                <connection refLocalId="60">
                  <position x="520" y="1120"/>
                  <position x="471" y="1120"/>
                </connection>
              </connectionPointIn>
              <connectionPointIn>
                <relPosition x="0" y="1100"/>
                <connection refLocalId="61">
                  <position x="520" y="1160"/>
                  <position x="471" y="1160"/>
                </connection>
              </connectionPointIn>
              <connectionPointIn>
                <relPosition x="0" y="1140"/>
              </connectionPointIn>
              <connectionPointIn>
                <relPosition x="0" y="1180"/>
              </connectionPointIn>
            </rightPowerRail>
            <inVariable localId="19" width="80" height="30" negated="false">
              <position x="210" y="420"/>
              <connectionPointOut>
                <relPosition x="80" y="20"/>
              </connectionPointOut>
              <expression>T#500ms</expression>
            </inVariable>
            <inVariable localId="24" width="80" height="30" negated="false">
              <position x="200" y="560"/>
              <connectionPointOut>
                <relPosition x="80" y="20"/>
              </connectionPointOut>
              <expression>T#500ms</expression>
            </inVariable>
            <coil localId="6" negated="false" storage="set" width="21" height="20" executionOrderId="0">
              <position x="380" y="150"/>
              <connectionPointIn>
                <relPosition x="0" y="10"/>
                <connection refLocalId="5">
                  <position x="380" y="160"/>
                  <position x="271" y="160"/>
                </connection>
              </connectionPointIn>
              <connectionPointOut>
                <relPosition x="21" y="10"/>
              </connectionPointOut>
              <variable>LED1</variable>
            </coil>
            <contact localId="5" negated="false" width="21" height="20" executionOrderId="0">
              <position x="250" y="150"/>
              <connectionPointIn>
                <relPosition x="0" y="10"/>
                <connection refLocalId="32">
                  <position x="250" y="160"/>
                  <position x="210" y="160"/>
                </connection>
              </connectionPointIn>
              <connectionPointOut>
                <relPosition x="21" y="10"/>
              </connectionPointOut>
              <variable>DCY</variable>
            </contact>
            <coil localId="10" negated="false" storage="reset" width="21" height="20" executionOrderId="0">
              <position x="440" y="190"/>
              <connectionPointIn>
                <relPosition x="0" y="10"/>
                <connection refLocalId="8" formalParameter="Q">
                  <position x="440" y="200"/>
                  <position x="390" y="200"/>
                </connection>
              </connectionPointIn>
              <connectionPointOut>
                <relPosition x="21" y="10"/>
              </connectionPointOut>
              <variable>LED1</variable>
            </coil>
            <block localId="8" typeName="TON" instanceName="TON0" width="50" height="60" executionOrderId="0">
              <position x="340" y="170"/>
              <inputVariables>
                <variable formalParameter="IN">
                  <connectionPointIn>
                    <relPosition x="0" y="30"/>
                    <connection refLocalId="7">
                      <position x="340" y="200"/>
                      <position x="271" y="200"/>
                    </connection>
                  </connectionPointIn>
                </variable>
                <variable formalParameter="PT">
                  <connectionPointIn>
                    <relPosition x="0" y="50"/>
                    <connection refLocalId="9">
                      <position x="340" y="220"/>
                      <position x="315" y="220"/>
                      <position x="315" y="230"/>
                      <position x="300" y="230"/>
                    </connection>
                  </connectionPointIn>
                </variable>
              </inputVariables>
              <inOutVariables/>
              <outputVariables>
                <variable formalParameter="Q">
                  <connectionPointOut>
                    <relPosition x="50" y="30"/>
                  </connectionPointOut>
                </variable>
                <variable formalParameter="ET">
                  <connectionPointOut>
                    <relPosition x="50" y="50"/>
                  </connectionPointOut>
                </variable>
              </outputVariables>
            </block>
            <contact localId="7" negated="false" width="21" height="20" executionOrderId="0">
              <position x="250" y="190"/>
              <connectionPointIn>
                <relPosition x="0" y="10"/>
                <connection refLocalId="33">
                  <position x="250" y="200"/>
                  <position x="211" y="200"/>
                </connection>
              </connectionPointIn>
              <connectionPointOut>
                <relPosition x="21" y="10"/>
              </connectionPointOut>
              <variable>LED1</variable>
            </contact>
            <inVariable localId="9" width="80" height="30" negated="false" executionOrderId="0">
              <position x="220" y="220"/>
              <connectionPointOut>
                <relPosition x="80" y="20"/>
              </connectionPointOut>
              <expression>T#500ms</expression>
            </inVariable>
            <coil localId="11" negated="false" storage="set" width="21" height="20" executionOrderId="0">
              <position x="440" y="230"/>
              <connectionPointIn>
                <relPosition x="0" y="10"/>
                <connection refLocalId="8" formalParameter="Q">
                  <position x="440" y="240"/>
                  <position x="415" y="240"/>
                  <position x="415" y="200"/>
                  <position x="390" y="200"/>
                </connection>
              </connectionPointIn>
              <connectionPointOut>
                <relPosition x="21" y="10"/>
              </connectionPointOut>
              <variable>LED2</variable>
            </coil>
            <coil localId="15" negated="false" storage="reset" width="21" height="20" executionOrderId="0">
              <position x="430" y="270"/>
              <connectionPointIn>
                <relPosition x="0" y="10"/>
                <connection refLocalId="13" formalParameter="Q">
                  <position x="430" y="280"/>
                  <position x="390" y="280"/>
                </connection>
              </connectionPointIn>
              <connectionPointOut>
                <relPosition x="21" y="10"/>
              </connectionPointOut>
              <variable>LED2</variable>
            </coil>
            <block localId="13" typeName="TON" instanceName="TON1" width="50" height="60" executionOrderId="0">
              <position x="340" y="250"/>
              <inputVariables>
                <variable formalParameter="IN">
                  <connectionPointIn>
                    <relPosition x="0" y="30"/>
                    <connection refLocalId="12">
                      <position x="340" y="280"/>
                      <position x="271" y="280"/>
                    </connection>
                  </connectionPointIn>
                </variable>
                <variable formalParameter="PT">
                  <connectionPointIn>
                    <relPosition x="0" y="50"/>
                    <connection refLocalId="14">
                      <position x="340" y="300"/>
                      <position x="320" y="300"/>
                      <position x="320" y="330"/>
                      <position x="300" y="330"/>
                    </connection>
                  </connectionPointIn>
                </variable>
              </inputVariables>
              <inOutVariables/>
              <outputVariables>
                <variable formalParameter="Q">
                  <connectionPointOut>
                    <relPosition x="50" y="30"/>
                  </connectionPointOut>
                </variable>
                <variable formalParameter="ET">
                  <connectionPointOut>
                    <relPosition x="50" y="50"/>
                  </connectionPointOut>
                </variable>
              </outputVariables>
            </block>
            <contact localId="12" negated="false" width="21" height="20" executionOrderId="0">
              <position x="250" y="270"/>
              <connectionPointIn>
                <relPosition x="0" y="10"/>
                <connection refLocalId="34">
                  <position x="250" y="280"/>
                  <position x="201" y="280"/>
                </connection>
              </connectionPointIn>
              <connectionPointOut>
                <relPosition x="21" y="10"/>
              </connectionPointOut>
              <variable>LED2</variable>
            </contact>
            <inVariable localId="14" width="80" height="30" negated="false" executionOrderId="0">
              <position x="220" y="310"/>
              <connectionPointOut>
                <relPosition x="80" y="10"/>
              </connectionPointOut>
              <expression>T#500ms</expression>
            </inVariable>
            <coil localId="16" negated="false" storage="set" width="21" height="20" executionOrderId="0">
              <position x="430" y="310"/>
              <connectionPointIn>
                <relPosition x="0" y="10"/>
                <connection refLocalId="13" formalParameter="Q">
                  <position x="430" y="320"/>
                  <position x="410" y="320"/>
                  <position x="410" y="280"/>
                  <position x="390" y="280"/>
                </connection>
              </connectionPointIn>
              <connectionPointOut>
                <relPosition x="21" y="10"/>
              </connectionPointOut>
              <variable>LED3</variable>
            </coil>
            <coil localId="20" negated="false" storage="reset" width="21" height="20" executionOrderId="0">
              <position x="420" y="390"/>
              <connectionPointIn>
                <relPosition x="0" y="10"/>
                <connection refLocalId="18" formalParameter="Q">
                  <position x="420" y="400"/>
                  <position x="370" y="400"/>
                </connection>
              </connectionPointIn>
              <connectionPointOut>
                <relPosition x="21" y="10"/>
              </connectionPointOut>
              <variable>LED3</variable>
            </coil>
            <block localId="18" typeName="TON" instanceName="TON2" width="50" height="60" executionOrderId="0">
              <position x="320" y="370"/>
              <inputVariables>
                <variable formalParameter="IN">
                  <connectionPointIn>
                    <relPosition x="0" y="30"/>
                    <connection refLocalId="17">
                      <position x="320" y="400"/>
                      <position x="261" y="400"/>
                    </connection>
                  </connectionPointIn>
                </variable>
                <variable formalParameter="PT">
                  <connectionPointIn>
                    <relPosition x="0" y="50"/>
                    <connection refLocalId="19">
                      <position x="320" y="420"/>
                      <position x="305" y="420"/>
                      <position x="305" y="430"/>
                      <position x="290" y="430"/>
                    </connection>
                  </connectionPointIn>
                </variable>
              </inputVariables>
              <inOutVariables/>
              <outputVariables>
                <variable formalParameter="Q">
                  <connectionPointOut>
                    <relPosition x="50" y="30"/>
                  </connectionPointOut>
                </variable>
                <variable formalParameter="ET">
                  <connectionPointOut>
                    <relPosition x="50" y="50"/>
                  </connectionPointOut>
                </variable>
              </outputVariables>
            </block>
            <contact localId="17" negated="false" width="21" height="20" executionOrderId="0">
              <position x="240" y="390"/>
              <connectionPointIn>
                <relPosition x="0" y="10"/>
                <connection refLocalId="35">
                  <position x="240" y="400"/>
                  <position x="201" y="400"/>
                </connection>
              </connectionPointIn>
              <connectionPointOut>
                <relPosition x="21" y="10"/>
              </connectionPointOut>
              <variable>LED3</variable>
            </contact>
            <coil localId="21" negated="false" storage="set" width="21" height="20" executionOrderId="0">
              <position x="420" y="430"/>
              <connectionPointIn>
                <relPosition x="0" y="10"/>
                <connection refLocalId="18" formalParameter="Q">
                  <position x="420" y="440"/>
                  <position x="395" y="440"/>
                  <position x="395" y="400"/>
                  <position x="370" y="400"/>
                </connection>
              </connectionPointIn>
              <connectionPointOut>
                <relPosition x="21" y="10"/>
              </connectionPointOut>
              <variable>LED4</variable>
            </coil>
            <coil localId="25" negated="false" storage="reset" width="21" height="20" executionOrderId="0">
              <position x="430" y="510"/>
              <connectionPointIn>
                <relPosition x="0" y="10"/>
                <connection refLocalId="23" formalParameter="Q">
                  <position x="430" y="520"/>
                  <position x="370" y="520"/>
                </connection>
              </connectionPointIn>
              <connectionPointOut>
                <relPosition x="21" y="10"/>
              </connectionPointOut>
              <variable>LED4</variable>
            </coil>
            <block localId="23" typeName="TON" instanceName="TON3" width="50" height="60" executionOrderId="0">
              <position x="320" y="490"/>
              <inputVariables>
                <variable formalParameter="IN">
                  <connectionPointIn>
                    <relPosition x="0" y="30"/>
                    <connection refLocalId="22">
                      <position x="320" y="520"/>
                      <position x="271" y="520"/>
                    </connection>
                  </connectionPointIn>
                </variable>
                <variable formalParameter="PT">
                  <connectionPointIn>
                    <relPosition x="0" y="50"/>
                    <connection refLocalId="24">
                      <position x="320" y="540"/>
                      <position x="300" y="540"/>
                      <position x="300" y="580"/>
                      <position x="280" y="580"/>
                    </connection>
                  </connectionPointIn>
                </variable>
              </inputVariables>
              <inOutVariables/>
              <outputVariables>
                <variable formalParameter="Q">
                  <connectionPointOut>
                    <relPosition x="50" y="30"/>
                  </connectionPointOut>
                </variable>
                <variable formalParameter="ET">
                  <connectionPointOut>
                    <relPosition x="50" y="50"/>
                  </connectionPointOut>
                </variable>
              </outputVariables>
            </block>
            <contact localId="22" negated="false" width="21" height="20" executionOrderId="0">
              <position x="250" y="510"/>
              <connectionPointIn>
                <relPosition x="0" y="10"/>
                <connection refLocalId="36">
                  <position x="250" y="520"/>
                  <position x="211" y="520"/>
                </connection>
              </connectionPointIn>
              <connectionPointOut>
                <relPosition x="21" y="10"/>
              </connectionPointOut>
              <variable>LED4</variable>
            </contact>
            <coil localId="26" negated="false" storage="reset" width="21" height="20">
              <position x="380" y="110"/>
              <connectionPointIn>
                <relPosition x="0" y="10"/>
                <connection refLocalId="5">
                  <position x="380" y="120"/>
                  <position x="325" y="120"/>
                  <position x="325" y="160"/>
                  <position x="271" y="160"/>
                </connection>
              </connectionPointIn>
              <connectionPointOut>
                <relPosition x="21" y="10"/>
              </connectionPointOut>
              <variable>DCY</variable>
            </coil>
            <coil localId="31" negated="false" storage="set" width="21" height="20">
              <position x="430" y="550"/>
              <connectionPointIn>
                <relPosition x="0" y="10"/>
                <connection refLocalId="23" formalParameter="Q">
                  <position x="430" y="560"/>
                  <position x="400" y="560"/>
                  <position x="400" y="520"/>
                  <position x="370" y="520"/>
                </connection>
              </connectionPointIn>
              <connectionPointOut>
                <relPosition x="21" y="10"/>
              </connectionPointOut>
              <variable>VAR1</variable>
            </coil>
            <contact localId="32" negated="true" width="21" height="20">
              <position x="190" y="150"/>
              <connectionPointIn>
                <relPosition x="0" y="10"/>
                <connection refLocalId="1">
                  <position x="190" y="160"/>
                  <position x="140" y="160"/>
                </connection>
              </connectionPointIn>
              <connectionPointOut>
                <relPosition x="21" y="10"/>
              </connectionPointOut>
              <variable>VAR1</variable>
            </contact>
            <contact localId="33" negated="true" width="21" height="20" executionOrderId="0">
              <position x="190" y="190"/>
              <connectionPointIn>
                <relPosition x="0" y="10"/>
                <connection refLocalId="1">
                  <position x="190" y="200"/>
                  <position x="140" y="200"/>
                </connection>
              </connectionPointIn>
              <connectionPointOut>
                <relPosition x="21" y="10"/>
              </connectionPointOut>
              <variable>VAR1</variable>
            </contact>
            <contact localId="34" negated="true" width="21" height="20" executionOrderId="0">
              <position x="180" y="270"/>
              <connectionPointIn>
                <relPosition x="0" y="10"/>
                <connection refLocalId="1">
                  <position x="180" y="280"/>
                  <position x="140" y="280"/>
                </connection>
              </connectionPointIn>
              <connectionPointOut>
                <relPosition x="21" y="10"/>
              </connectionPointOut>
              <variable>VAR1</variable>
            </contact>
            <contact localId="35" negated="true" width="21" height="20" executionOrderId="0">
              <position x="180" y="390"/>
              <connectionPointIn>
                <relPosition x="0" y="10"/>
                <connection refLocalId="1">
                  <position x="180" y="400"/>
                  <position x="140" y="400"/>
                </connection>
              </connectionPointIn>
              <connectionPointOut>
                <relPosition x="21" y="10"/>
              </connectionPointOut>
              <variable>VAR1</variable>
            </contact>
            <contact localId="36" negated="true" width="21" height="20" executionOrderId="0">
              <position x="190" y="510"/>
              <connectionPointIn>
                <relPosition x="0" y="10"/>
                <connection refLocalId="1">
                  <position x="190" y="520"/>
                  <position x="140" y="520"/>
                </connection>
              </connectionPointIn>
              <connectionPointOut>
                <relPosition x="21" y="10"/>
              </connectionPointOut>
              <variable>VAR1</variable>
            </contact>
            <contact localId="37" negated="false" width="21" height="20">
              <position x="200" y="630"/>
              <connectionPointIn>
                <relPosition x="0" y="10"/>
                <connection refLocalId="1">
                  <position x="200" y="640"/>
                  <position x="140" y="640"/>
                </connection>
              </connectionPointIn>
              <connectionPointOut>
                <relPosition x="21" y="10"/>
              </connectionPointOut>
              <variable>VAR1</variable>
            </contact>
            <contact localId="38" negated="true" width="21" height="20">
              <position x="260" y="630"/>
              <connectionPointIn>
                <relPosition x="0" y="10"/>
                <connection refLocalId="37">
                  <position x="260" y="640"/>
                  <position x="221" y="640"/>
                </connection>
              </connectionPointIn>
              <connectionPointOut>
                <relPosition x="21" y="10"/>
              </connectionPointOut>
              <variable>LED4</variable>
            </contact>
            <coil localId="41" negated="false" storage="set" width="21" height="20">
              <position x="400" y="630"/>
              <connectionPointIn>
                <relPosition x="0" y="10"/>
                <connection refLocalId="38">
                  <position x="400" y="640"/>
                  <position x="281" y="640"/>
                </connection>
              </connectionPointIn>
              <connectionPointOut>
                <relPosition x="21" y="10"/>
              </connectionPointOut>
              <variable>LED3</variable>
            </coil>
            <contact localId="42" negated="false" width="21" height="20">
              <position x="190" y="670"/>
              <connectionPointIn>
                <relPosition x="0" y="10"/>
                <connection refLocalId="1">
                  <position x="190" y="680"/>
                  <position x="140" y="680"/>
                </connection>
              </connectionPointIn>
              <connectionPointOut>
                <relPosition x="21" y="10"/>
              </connectionPointOut>
              <variable>VAR1</variable>
            </contact>
            <contact localId="43" negated="false" width="21" height="20">
              <position x="250" y="670"/>
              <connectionPointIn>
                <relPosition x="0" y="10"/>
                <connection refLocalId="42">
                  <position x="250" y="680"/>
                  <position x="211" y="680"/>
                </connection>
              </connectionPointIn>
              <connectionPointOut>
                <relPosition x="21" y="10"/>
              </connectionPointOut>
              <variable>LED3</variable>
            </contact>
            <block localId="39" typeName="TON" instanceName="TON4" width="50" height="60" executionOrderId="0">
              <position x="300" y="650"/>
              <inputVariables>
                <variable formalParameter="IN">
                  <connectionPointIn>
                    <relPosition x="0" y="30"/>
                    <connection refLocalId="43">
                      <position x="300" y="680"/>
                      <position x="271" y="680"/>
                    </connection>
                  </connectionPointIn>
                </variable>
                <variable formalParameter="PT">
                  <connectionPointIn>
                    <relPosition x="0" y="50"/>
                    <connection refLocalId="40">
                      <position x="300" y="700"/>
                      <position x="285" y="700"/>
                      <position x="285" y="730"/>
                      <position x="270" y="730"/>
                    </connection>
                  </connectionPointIn>
                </variable>
              </inputVariables>
              <inOutVariables/>
              <outputVariables>
                <variable formalParameter="Q">
                  <connectionPointOut>
                    <relPosition x="50" y="30"/>
                  </connectionPointOut>
                </variable>
                <variable formalParameter="ET">
                  <connectionPointOut>
                    <relPosition x="50" y="50"/>
                  </connectionPointOut>
                </variable>
              </outputVariables>
            </block>
            <inVariable localId="40" width="80" height="30" negated="false" executionOrderId="0">
              <position x="190" y="710"/>
              <connectionPointOut>
                <relPosition x="80" y="10"/>
              </connectionPointOut>
              <expression>T#500ms</expression>
            </inVariable>
            <coil localId="44" negated="false" storage="reset" width="21" height="20">
              <position x="400" y="670"/>
              <connectionPointIn>
                <relPosition x="0" y="10"/>
                <connection refLocalId="39" formalParameter="Q">
                  <position x="400" y="680"/>
                  <position x="350" y="680"/>
                </connection>
              </connectionPointIn>
              <connectionPointOut>
                <relPosition x="21" y="10"/>
              </connectionPointOut>
              <variable>LED3</variable>
            </coil>
            <coil localId="45" negated="false" storage="set" width="21" height="20">
              <position x="400" y="710"/>
              <connectionPointIn>
                <relPosition x="0" y="10"/>
                <connection refLocalId="39" formalParameter="Q">
                  <position x="400" y="720"/>
                  <position x="375" y="720"/>
                  <position x="375" y="680"/>
                  <position x="350" y="680"/>
                </connection>
              </connectionPointIn>
              <connectionPointOut>
                <relPosition x="21" y="10"/>
              </connectionPointOut>
              <variable>LED2</variable>
            </coil>
            <contact localId="46" negated="false" width="21" height="20">
              <position x="180" y="790"/>
              <connectionPointIn>
                <relPosition x="0" y="10"/>
                <connection refLocalId="1">
                  <position x="180" y="800"/>
                  <position x="140" y="800"/>
                </connection>
              </connectionPointIn>
              <connectionPointOut>
                <relPosition x="21" y="10"/>
              </connectionPointOut>
              <variable>VAR1</variable>
            </contact>
            <contact localId="47" negated="false" width="21" height="20">
              <position x="240" y="790"/>
              <connectionPointIn>
                <relPosition x="0" y="10"/>
                <connection refLocalId="46">
                  <position x="240" y="800"/>
                  <position x="201" y="800"/>
                </connection>
              </connectionPointIn>
              <connectionPointOut>
                <relPosition x="21" y="10"/>
              </connectionPointOut>
              <variable>LED2</variable>
            </contact>
            <block localId="48" typeName="TON" instanceName="TON5" width="50" height="60">
              <position x="290" y="770"/>
              <inputVariables>
                <variable formalParameter="IN">
                  <connectionPointIn>
                    <relPosition x="0" y="30"/>
                    <connection refLocalId="47">
                      <position x="290" y="800"/>
                      <position x="261" y="800"/>
                    </connection>
                  </connectionPointIn>
                </variable>
                <variable formalParameter="PT">
                  <connectionPointIn>
                    <relPosition x="0" y="50"/>
                    <connection refLocalId="49">
                      <position x="290" y="820"/>
                      <position x="275" y="820"/>
                      <position x="275" y="840"/>
                      <position x="260" y="840"/>
                    </connection>
                  </connectionPointIn>
                </variable>
              </inputVariables>
              <inOutVariables/>
              <outputVariables>
                <variable formalParameter="Q">
                  <connectionPointOut>
                    <relPosition x="50" y="30"/>
                  </connectionPointOut>
                </variable>
                <variable formalParameter="ET">
                  <connectionPointOut>
                    <relPosition x="50" y="50"/>
                  </connectionPointOut>
                </variable>
              </outputVariables>
            </block>
            <inVariable localId="49" width="80" height="30" negated="false">
              <position x="180" y="830"/>
              <connectionPointOut>
                <relPosition x="80" y="10"/>
              </connectionPointOut>
              <expression>T#500ms</expression>
            </inVariable>
            <coil localId="50" negated="false" storage="reset" width="21" height="20">
              <position x="390" y="790"/>
              <connectionPointIn>
                <relPosition x="0" y="10"/>
                <connection refLocalId="48" formalParameter="Q">
                  <position x="390" y="800"/>
                  <position x="340" y="800"/>
                </connection>
              </connectionPointIn>
              <connectionPointOut>
                <relPosition x="21" y="10"/>
              </connectionPointOut>
              <variable>LED2</variable>
            </coil>
            <coil localId="52" negated="false" storage="set" width="21" height="20">
              <position x="390" y="830"/>
              <connectionPointIn>
                <relPosition x="0" y="10"/>
                <connection refLocalId="48" formalParameter="Q">
                  <position x="390" y="840"/>
                  <position x="365" y="840"/>
                  <position x="365" y="800"/>
                  <position x="340" y="800"/>
                </connection>
              </connectionPointIn>
              <connectionPointOut>
                <relPosition x="21" y="10"/>
              </connectionPointOut>
              <variable>LED1</variable>
            </coil>
            <contact localId="53" negated="false" width="21" height="20">
              <position x="230" y="910"/>
              <connectionPointIn>
                <relPosition x="0" y="10"/>
                <connection refLocalId="56">
                  <position x="230" y="920"/>
                  <position x="200" y="920"/>
                </connection>
              </connectionPointIn>
              <connectionPointOut>
                <relPosition x="21" y="10"/>
              </connectionPointOut>
              <variable>LED1</variable>
            </contact>
            <block localId="51" typeName="TON" instanceName="TON6" width="50" height="60" executionOrderId="0">
              <position x="300" y="890"/>
              <inputVariables>
                <variable formalParameter="IN">
                  <connectionPointIn>
                    <relPosition x="0" y="30"/>
                    <connection refLocalId="53">
                      <position x="300" y="920"/>
                      <position x="251" y="920"/>
                    </connection>
                  </connectionPointIn>
                </variable>
                <variable formalParameter="PT">
                  <connectionPointIn>
                    <relPosition x="0" y="50"/>
                    <connection refLocalId="54">
                      <position x="300" y="940"/>
                      <position x="285" y="940"/>
                      <position x="285" y="960"/>
                      <position x="270" y="960"/>
                    </connection>
                  </connectionPointIn>
                </variable>
              </inputVariables>
              <inOutVariables/>
              <outputVariables>
                <variable formalParameter="Q">
                  <connectionPointOut>
                    <relPosition x="50" y="30"/>
                  </connectionPointOut>
                </variable>
                <variable formalParameter="ET">
                  <connectionPointOut>
                    <relPosition x="50" y="50"/>
                  </connectionPointOut>
                </variable>
              </outputVariables>
            </block>
            <inVariable localId="54" width="80" height="30" negated="false" executionOrderId="0">
              <position x="190" y="940"/>
              <connectionPointOut>
                <relPosition x="80" y="20"/>
              </connectionPointOut>
              <expression>T#500ms</expression>
            </inVariable>
            <coil localId="55" negated="false" storage="reset" width="21" height="20">
              <position x="390" y="910"/>
              <connectionPointIn>
                <relPosition x="0" y="10"/>
                <connection refLocalId="51" formalParameter="Q">
                  <position x="390" y="920"/>
                  <position x="350" y="920"/>
                </connection>
              </connectionPointIn>
              <connectionPointOut>
                <relPosition x="21" y="10"/>
              </connectionPointOut>
              <variable>LED1</variable>
            </coil>
            <contact localId="56" negated="false" width="21" height="20">
              <position x="180" y="910"/>
              <connectionPointIn>
                <relPosition x="0" y="10"/>
                <connection refLocalId="1">
                  <position x="180" y="920"/>
                  <position x="140" y="920"/>
                </connection>
              </connectionPointIn>
              <connectionPointOut>
                <relPosition x="21" y="10"/>
              </connectionPointOut>
              <variable>VAR1</variable>
            </contact>
            <coil localId="57" negated="false" storage="reset" width="21" height="20">
              <position x="390" y="950"/>
              <connectionPointIn>
                <relPosition x="0" y="10"/>
                <connection refLocalId="51" formalParameter="Q">
                  <position x="390" y="960"/>
                  <position x="370" y="960"/>
                  <position x="370" y="920"/>
                  <position x="350" y="920"/>
                </connection>
              </connectionPointIn>
              <connectionPointOut>
                <relPosition x="21" y="10"/>
              </connectionPointOut>
              <variable>VAR1</variable>
            </coil>
            <coil localId="58" negated="false" storage="set" width="21" height="20">
              <position x="390" y="990"/>
              <connectionPointIn>
                <relPosition x="0" y="10"/>
                <connection refLocalId="51" formalParameter="Q">
                  <position x="390" y="1000"/>
                  <position x="370" y="1000"/>
                  <position x="370" y="920"/>
                  <position x="350" y="920"/>
                </connection>
              </connectionPointIn>
              <connectionPointOut>
                <relPosition x="21" y="10"/>
              </connectionPointOut>
              <variable>LED2</variable>
            </coil>
            <coil localId="4" negated="false" width="21" height="20" storage="reset" executionOrderId="0">
              <position x="450" y="1030"/>
              <connectionPointIn>
                <relPosition x="0" y="10"/>
                <connection refLocalId="3">
                  <position x="450" y="1040"/>
                  <position x="411" y="1040"/>
                </connection>
              </connectionPointIn>
              <connectionPointOut>
                <relPosition x="21" y="10"/>
              </connectionPointOut>
              <variable>VAR1</variable>
            </coil>
            <contact localId="3" negated="false" width="21" height="20" executionOrderId="0">
              <position x="390" y="1030"/>
              <connectionPointIn>
                <relPosition x="0" y="10"/>
                <connection refLocalId="30">
                  <position x="390" y="1040"/>
                  <position x="361" y="1040"/>
                </connection>
                <connection refLocalId="62">
                  <position x="390" y="1040"/>
                  <position x="380" y="1040"/>
                  <position x="380" y="1080"/>
                  <position x="331" y="1080"/>
                </connection>
                <connection refLocalId="66">
                  <position x="390" y="1040"/>
                  <position x="380" y="1040"/>
                  <position x="380" y="1120"/>
                  <position x="341" y="1120"/>
                </connection>
                <connection refLocalId="70">
                  <position x="390" y="1040"/>
                  <position x="380" y="1040"/>
                  <position x="380" y="1160"/>
                  <position x="360" y="1160"/>
                </connection>
              </connectionPointIn>
              <connectionPointOut>
                <relPosition x="21" y="10"/>
              </connectionPointOut>
              <variable>BP</variable>
            </contact>
            <contact localId="30" negated="true" width="21" height="20" executionOrderId="0">
              <position x="340" y="1030"/>
              <connectionPointIn>
                <relPosition x="0" y="10"/>
                <connection refLocalId="29">
                  <position x="340" y="1040"/>
                  <position x="320" y="1040"/>
                  <position x="320" y="1040"/>
                  <position x="321" y="1040"/>
                </connection>
              </connectionPointIn>
              <connectionPointOut>
                <relPosition x="21" y="10"/>
              </connectionPointOut>
              <variable>LED4</variable>
            </contact>
            <contact localId="29" negated="true" width="21" height="20" executionOrderId="0">
              <position x="300" y="1030"/>
              <connectionPointIn>
                <relPosition x="0" y="10"/>
                <connection refLocalId="28">
                  <position x="300" y="1040"/>
                  <position x="271" y="1040"/>
                </connection>
              </connectionPointIn>
              <connectionPointOut>
                <relPosition x="21" y="10"/>
              </connectionPointOut>
              <variable>LED3</variable>
            </contact>
            <contact localId="28" negated="true" width="21" height="20" executionOrderId="0">
              <position x="250" y="1030"/>
              <connectionPointIn>
                <relPosition x="0" y="10"/>
                <connection refLocalId="27">
                  <position x="250" y="1040"/>
                  <position x="221" y="1040"/>
                </connection>
              </connectionPointIn>
              <connectionPointOut>
                <relPosition x="21" y="10"/>
              </connectionPointOut>
              <variable>LED2</variable>
            </contact>
            <contact localId="27" negated="false" width="21" height="20" executionOrderId="0">
              <position x="200" y="1030"/>
              <connectionPointIn>
                <relPosition x="0" y="10"/>
                <connection refLocalId="1">
                  <position x="200" y="1040"/>
                  <position x="140" y="1040"/>
                </connection>
              </connectionPointIn>
              <connectionPointOut>
                <relPosition x="21" y="10"/>
              </connectionPointOut>
              <variable>LED1</variable>
            </contact>
            <coil localId="59" negated="false" width="21" height="20" storage="reset" executionOrderId="0">
              <position x="450" y="1070"/>
              <connectionPointIn>
                <relPosition x="0" y="10"/>
                <connection refLocalId="3">
                  <position x="450" y="1080"/>
                  <position x="430" y="1080"/>
                  <position x="430" y="1040"/>
                  <position x="411" y="1040"/>
                </connection>
              </connectionPointIn>
              <connectionPointOut>
                <relPosition x="21" y="10"/>
              </connectionPointOut>
              <variable>LED2</variable>
            </coil>
            <coil localId="60" negated="false" width="21" height="20" storage="reset" executionOrderId="0">
              <position x="450" y="1110"/>
              <connectionPointIn>
                <relPosition x="0" y="10"/>
                <connection refLocalId="3">
                  <position x="450" y="1120"/>
                  <position x="430" y="1120"/>
                  <position x="430" y="1040"/>
                  <position x="411" y="1040"/>
                </connection>
              </connectionPointIn>
              <connectionPointOut>
                <relPosition x="21" y="10"/>
              </connectionPointOut>
              <variable>LED3</variable>
            </coil>
            <coil localId="61" negated="false" width="21" height="20" storage="reset" executionOrderId="0">
              <position x="450" y="1150"/>
              <connectionPointIn>
                <relPosition x="0" y="10"/>
                <connection refLocalId="3">
                  <position x="450" y="1160"/>
                  <position x="430" y="1160"/>
                  <position x="430" y="1040"/>
                  <position x="411" y="1040"/>
                </connection>
              </connectionPointIn>
              <connectionPointOut>
                <relPosition x="21" y="10"/>
              </connectionPointOut>
              <variable>LED4</variable>
            </coil>
            <contact localId="62" negated="true" width="21" height="20" executionOrderId="0">
              <position x="310" y="1070"/>
              <connectionPointIn>
                <relPosition x="0" y="10"/>
                <connection refLocalId="63">
                  <position x="310" y="1080"/>
                  <position x="291" y="1080"/>
                </connection>
              </connectionPointIn>
              <connectionPointOut>
                <relPosition x="21" y="10"/>
              </connectionPointOut>
              <variable>LED4</variable>
            </contact>
            <contact localId="63" negated="true" width="21" height="20" executionOrderId="0">
              <position x="270" y="1070"/>
              <connectionPointIn>
                <relPosition x="0" y="10"/>
                <connection refLocalId="64">
                  <position x="270" y="1080"/>
                  <position x="251" y="1080"/>
                </connection>
              </connectionPointIn>
              <connectionPointOut>
                <relPosition x="21" y="10"/>
              </connectionPointOut>
              <variable>LED3</variable>
            </contact>
            <contact localId="64" negated="false" width="21" height="20" executionOrderId="0">
              <position x="230" y="1070"/>
              <connectionPointIn>
                <relPosition x="0" y="10"/>
                <connection refLocalId="65">
                  <position x="230" y="1080"/>
                  <position x="211" y="1080"/>
                </connection>
              </connectionPointIn>
              <connectionPointOut>
                <relPosition x="21" y="10"/>
              </connectionPointOut>
              <variable>LED2</variable>
            </contact>
            <contact localId="65" negated="true" width="21" height="20" executionOrderId="0">
              <position x="190" y="1070"/>
              <connectionPointIn>
                <relPosition x="0" y="10"/>
                <connection refLocalId="1">
                  <position x="190" y="1080"/>
                  <position x="140" y="1080"/>
                </connection>
              </connectionPointIn>
              <connectionPointOut>
                <relPosition x="21" y="10"/>
              </connectionPointOut>
              <variable>LED1</variable>
            </contact>
            <contact localId="66" negated="true" width="21" height="20" executionOrderId="0">
              <position x="320" y="1110"/>
              <connectionPointIn>
                <relPosition x="0" y="10"/>
                <connection refLocalId="67">
                  <position x="320" y="1120"/>
                  <position x="300" y="1120"/>
                </connection>
              </connectionPointIn>
              <connectionPointOut>
                <relPosition x="21" y="10"/>
              </connectionPointOut>
              <variable>LED4</variable>
            </contact>
            <contact localId="67" negated="false" width="21" height="20" executionOrderId="0">
              <position x="280" y="1110"/>
              <connectionPointIn>
                <relPosition x="0" y="10"/>
                <connection refLocalId="68">
                  <position x="280" y="1120"/>
                  <position x="261" y="1120"/>
                </connection>
              </connectionPointIn>
              <connectionPointOut>
                <relPosition x="21" y="10"/>
              </connectionPointOut>
              <variable>LED3</variable>
            </contact>
            <contact localId="68" negated="true" width="21" height="20" executionOrderId="0">
              <position x="240" y="1110"/>
              <connectionPointIn>
                <relPosition x="0" y="10"/>
                <connection refLocalId="69">
                  <position x="240" y="1120"/>
                  <position x="221" y="1120"/>
                </connection>
              </connectionPointIn>
              <connectionPointOut>
                <relPosition x="21" y="10"/>
              </connectionPointOut>
              <variable>LED2</variable>
            </contact>
            <contact localId="69" negated="true" width="21" height="20" executionOrderId="0">
              <position x="200" y="1110"/>
              <connectionPointIn>
                <relPosition x="0" y="10"/>
                <connection refLocalId="1">
                  <position x="200" y="1120"/>
                  <position x="140" y="1120"/>
                </connection>
              </connectionPointIn>
              <connectionPointOut>
                <relPosition x="21" y="10"/>
              </connectionPointOut>
              <variable>LED1</variable>
            </contact>
            <contact localId="70" negated="false" width="21" height="20" executionOrderId="0">
              <position x="340" y="1150"/>
              <connectionPointIn>
                <relPosition x="0" y="10"/>
                <connection refLocalId="71">
                  <position x="340" y="1160"/>
                  <position x="321" y="1160"/>
                </connection>
              </connectionPointIn>
              <connectionPointOut>
                <relPosition x="21" y="10"/>
              </connectionPointOut>
              <variable>LED4</variable>
            </contact>
            <contact localId="71" negated="true" width="21" height="20" executionOrderId="0">
              <position x="300" y="1150"/>
              <connectionPointIn>
                <relPosition x="0" y="10"/>
                <connection refLocalId="72">
                  <position x="300" y="1160"/>
                  <position x="281" y="1160"/>
                </connection>
              </connectionPointIn>
              <connectionPointOut>
                <relPosition x="21" y="10"/>
              </connectionPointOut>
              <variable>LED3</variable>
            </contact>
            <contact localId="72" negated="true" width="21" height="20" executionOrderId="0">
              <position x="260" y="1150"/>
              <connectionPointIn>
                <relPosition x="0" y="10"/>
                <connection refLocalId="73">
                  <position x="260" y="1160"/>
                  <position x="241" y="1160"/>
                </connection>
              </connectionPointIn>
              <connectionPointOut>
                <relPosition x="21" y="10"/>
              </connectionPointOut>
              <variable>LED2</variable>
            </contact>
            <contact localId="73" negated="true" width="21" height="20" executionOrderId="0">
              <position x="220" y="1150"/>
              <connectionPointIn>
                <relPosition x="0" y="10"/>
                <connection refLocalId="1">
                  <position x="220" y="1160"/>
                  <position x="140" y="1160"/>
                </connection>
              </connectionPointIn>
              <connectionPointOut>
                <relPosition x="21" y="10"/>
              </connectionPointOut>
              <variable>LED1</variable>
            </contact>
            <contact localId="74" negated="false" width="21" height="20">
              <position x="190" y="70"/>
              <connectionPointIn>
                <relPosition x="0" y="10"/>
                <connection refLocalId="1">
                  <position x="190" y="80"/>
                  <position x="140" y="80"/>
                </connection>
              </connectionPointIn>
              <connectionPointOut>
                <relPosition x="21" y="10"/>
              </connectionPointOut>
              <variable>BP</variable>
            </contact>
            <contact localId="75" negated="true" width="21" height="20">
              <position x="240" y="70"/>
              <connectionPointIn>
                <relPosition x="0" y="10"/>
                <connection refLocalId="74">
                  <position x="240" y="80"/>
                  <position x="211" y="80"/>
                </connection>
              </connectionPointIn>
              <connectionPointOut>
                <relPosition x="21" y="10"/>
              </connectionPointOut>
              <variable>DCY</variable>
            </contact>
            <coil localId="76" negated="false" storage="set" width="21" height="20">
              <position x="320" y="70"/>
              <connectionPointIn>
                <relPosition x="0" y="10"/>
                <connection refLocalId="75">
                  <position x="320" y="80"/>
                  <position x="261" y="80"/>
                </connection>
              </connectionPointIn>
              <connectionPointOut>
                <relPosition x="21" y="10"/>
              </connectionPointOut>
              <variable>DCY</variable>
            </coil>
          </LD>
        </body>
      </pou>
    </pous>
  </types>
  <instances>
    <configurations>
      <configuration name="Config0">
        <resource name="Res0">
          <task name="task0" priority="0" interval="T#20ms">
            <pouInstance name="instance0" typeName="program0"/>
          </task>
        </resource>
      </configuration>
    </configurations>
  </instances>
</project>
